date,temp_high,temp_low,weather,wind_direction,wind_power,aqi,aqiInfo,aqiLevel
2011-01-01,-2℃,-7℃,多云~阴,无持续风向,微风
2011-01-02,-2℃,-7℃,多云,无持续风向,微风
2011-01-03,-2℃,-6℃,多云~阴,西北风~北风,3-4级~4-5级
2011-01-04,-2℃,-9℃,晴,北风,5-6级
2011-01-05,-2℃,-10℃,晴,北风~无持续风向,3-4级~微风
2011-01-06,-1℃,-10℃,晴~多云,无持续风向,微风
2011-01-07,-1℃,-9℃,多云,无持续风向~北风,微风~3-4级
2011-01-08,0℃,-9℃,晴,无持续风向,微风
2011-01-09,0℃,-9℃,晴,无持续风向,微风
2011-01-10,0℃,-9℃,晴,无持续风向,微风
2011-01-11,-1℃,-9℃,晴~多云,无持续风向,微风
2011-01-12,-1℃,-8℃,多云~晴,北风,3-4级
2011-01-13,-1℃,-9℃,多云,无持续风向~北风,微风~3-4级
2011-01-14,-2℃,-10℃,晴,无持续风向,微风
2011-01-15,-2℃,-9℃,晴~多云,无持续风向,微风
2011-01-16,-1℃,-9℃,阴~晴,无持续风向,微风
2011-01-26,0℃,-8℃,晴,无持续风向,微风
2011-01-29,-1℃,-10℃,晴,无持续风向,微风
2011-01-30,3℃,-7℃,晴,无持续风向,微风
2011-01-31,7℃,-7℃,晴,无持续风向,微风
2011-02-01,7℃,-6℃,晴~多云,无持续风向,微风
2011-02-02,6℃,-6℃,多云~晴,无持续风向,微风
2011-02-03,7℃,-5℃,晴~多云,无持续风向,微风
2011-02-04,9℃,-4℃,多云~晴,北风~无持续风向,3-4级~微风
2011-02-05,4℃,-3℃,多云~晴,无持续风向,微风
2011-02-06,9℃,-2℃,晴~多云,无持续风向,微风
2011-02-07,5℃,-3℃,阴~多云,无持续风向,微风
2011-02-08,7℃,-4℃,多云~晴,无持续风向,微风
2011-02-09,2℃,-2℃,多云~小雪,无持续风向,微风
2011-02-10,-2℃,-5℃,小雪~晴,无持续风向,微风
2011-02-11,1℃,-10℃,晴,北风~无持续风向,3-4级~微风
2011-02-12,-3℃,-6℃,阴~小雪,无持续风向,微风
2011-02-13,-2℃,-10℃,阴~晴,北风~无持续风向,3-4级~微风
2011-02-14,1℃,-9℃,晴,无持续风向,微风
2011-02-15,3℃,-5℃,晴~多云,无持续风向,微风
2011-02-16,0℃,-5℃,阴~晴,无持续风向,微风
2011-02-17,6℃,-6℃,晴,无持续风向,微风
2011-02-18,9℃,-3℃,晴,无持续风向,微风
2011-02-19,10℃,-3℃,晴,无持续风向,微风
2011-02-20,8℃,-3℃,多云~晴,无持续风向,微风
2011-02-21,7℃,-1℃,晴,无持续风向,微风
2011-02-22,8℃,0℃,多云,无持续风向,微风
2011-02-23,9℃,3℃,多云,无持续风向,微风
2011-02-24,11℃,-1℃,晴,无持续风向,微风
2011-02-25,6℃,-1℃,多云~中雪,无持续风向,微风
2011-02-26,2℃,-3℃,小雪,无持续风向,微风
2011-02-27,2℃,-5℃,小雪~阴,无持续风向,微风
2011-02-28,6℃,-4℃,多云~晴,无持续风向~北风,微风~3-4级
2011-03-01,5℃,-3℃,多云,无持续风向,微风
2011-03-02,6℃,-2℃,晴,无持续风向~北风,微风~3-4级
2011-03-03,9℃,-4℃,晴,无持续风向,微风
2011-03-04,11℃,0℃,晴~多云,无持续风向,微风
2011-03-05,13℃,1℃,晴,无持续风向~北风,微风~3-4级
2011-03-06,10℃,-1℃,晴,北风~无持续风向,3-4级~微风
2011-03-07,10℃,-1℃,晴,北风~无持续风向,3-4级~微风
2011-03-08,10℃,-1℃,晴,北风,3-4级
2011-03-09,11℃,-1℃,晴,北风~无持续风向,3-4级~微风
2011-03-10,15℃,1℃,晴,无持续风向,微风
2011-03-11,15℃,3℃,多云~晴,无持续风向,微风
2011-03-12,17℃,7℃,晴~阴,无持续风向,微风
2011-03-13,17℃,3℃,多云~晴,北风,4-5级
2011-03-14,9℃,1℃,多云,北风,3-4级
2011-03-15,9℃,-2℃,晴,北风,4-5级~3-4级
2011-03-16,11℃,0℃,晴,无持续风向,微风
2011-03-17,16℃,5℃,晴~多云,无持续风向,微风
2011-03-18,14℃,0℃,多云~晴,北风,4-5级~3-4级
2011-03-19,13℃,3℃,多云,无持续风向,微风
2011-03-20,13℃,3℃,阴~多云,无持续风向~北风,微风~4-5级
2011-03-21,7℃,-1℃,晴,北风,4-5级~3-4级
2011-03-22,10℃,-1℃,晴,无持续风向,微风
2011-03-23,12℃,1℃,多云~晴,北风,3-4级~4-5级
2011-03-24,11℃,-1℃,晴,北风~无持续风向,4-5级~微风
2011-03-25,14℃,0℃,晴,无持续风向,微风
2011-03-26,15℃,1℃,晴,无持续风向,微风
2011-03-27,17℃,2℃,晴~多云,无持续风向,微风
2011-03-28,17℃,4℃,晴,无持续风向,微风
2011-03-29,19℃,3℃,晴,无持续风向,微风
2011-03-30,22℃,6℃,晴,无持续风向,微风
2011-03-31,22℃,7℃,多云~小雨,无持续风向~东北风,微风~3-4级
2011-04-01,12℃,3℃,小雨,无持续风向,微风
2011-04-02,13℃,1℃,晴,无持续风向,微风
2011-04-03,16℃,2℃,晴,无持续风向,微风
2011-04-04,20℃,5℃,晴,无持续风向,微风
2011-04-05,19℃,7℃,多云~阴,无持续风向,微风
2011-04-06,19℃,8℃,多云,无持续风向,微风
2011-04-07,19℃,5℃,多云~晴,北风,3-4级
2011-04-08,20℃,7℃,晴~多云,无持续风向,微风
2011-04-09,22℃,9℃,阴~小雨,无持续风向,微风
2011-04-10,16℃,3℃,多云~晴,北风~无持续风向,3-4级~微风
2011-04-11,23℃,7℃,晴,无持续风向,微风
2011-04-12,26℃,10℃,晴,无持续风向,微风
2011-04-13,25℃,12℃,多云,无持续风向,微风
2011-04-14,28℃,15℃,晴~多云,无持续风向,微风
2011-04-15,24℃,8℃,晴,北风~无持续风向,3-4级~微风
2011-04-16,25℃,14℃,晴~阴,西南风~北风,3-4级
2011-04-17,19℃,9℃,晴,北风,5-6级~4-5级
2011-04-18,21℃,7℃,晴,无持续风向,微风
2011-04-19,24℃,11℃,晴,无持续风向,微风
2011-04-20,23℃,16℃,多云~小雨,无持续风向,微风
2011-04-21,16℃,8℃,小雨~多云,无持续风向,微风
2011-04-22,20℃,9℃,阴~阵雨,北风~无持续风向,3-4级~微风
2011-04-23,19℃,9℃,阵雨~晴,无持续风向,微风
2011-04-24,22℃,11℃,多云,无持续风向,微风
2011-04-25,16℃,11℃,阴~阵雨,无持续风向,微风
2011-04-26,20℃,8℃,阵雨~晴,无持续风向,微风
2011-04-27,22℃,9℃,多云~晴,无持续风向,微风
2011-04-28,24℃,12℃,晴~阴,无持续风向,微风
2011-04-29,22℃,10℃,阵雨,无持续风向~北风,微风~3-4级
2011-04-30,21℃,11℃,阴~晴,北风,5-6级~4-5级
2011-05-01,26℃,12℃,晴~多云,北风~无持续风向,3-4级~微风
2011-05-02,26℃,11℃,晴~多云,北风~无持续风向,3-4级~微风
2011-05-03,24℃,15℃,多云~阵雨,无持续风向,微风
2011-05-04,18℃,12℃,阵雨,无持续风向,微风
2011-05-05,21℃,13℃,多云~晴,无持续风向,微风
2011-05-06,26℃,13℃,晴~多云,无持续风向,微风
2011-05-07,26℃,15℃,晴~阴,无持续风向,微风
2011-05-08,22℃,12℃,中雨~小雨,无持续风向,微风
2011-05-09,26℃,11℃,多云~晴,无持续风向,微风
2011-05-10,26℃,13℃,多云,无持续风向,微风
2011-05-11,28℃,12℃,多云,北风,3-4级~5-6级
2011-05-12,23℃,13℃,晴,北风,4-5级
2011-05-13,27℃,15℃,晴,北风~无持续风向,4-5级~微风
2011-05-14,30℃,15℃,晴~多云,无持续风向,微风
2011-05-15,27℃,14℃,晴,无持续风向,微风
2011-05-16,28℃,16℃,晴~多云,南风~无持续风向,3-4级~微风
2011-05-17,29℃,16℃,阴,无持续风向,微风
2011-05-18,30℃,17℃,雷阵雨,无持续风向,微风
2011-05-19,25℃,16℃,晴~多云,无持续风向,微风
2011-05-20,21℃,14℃,多云,无持续风向,微风
2011-05-21,26℃,12℃,晴,北风~无持续风向,3-4级~微风
2011-05-22,29℃,15℃,晴,无持续风向,微风
2011-05-23,30℃,16℃,晴,南风~无持续风向,3-4级~微风
2011-05-24,28℃,17℃,晴~多云,无持续风向,微风
2011-05-25,27℃,18℃,多云~阴,南风~无持续风向,3-4级~微风
2011-05-26,28℃,16℃,阵雨,无持续风向,微风
2011-05-27,29℃,18℃,晴,无持续风向,微风
2011-05-28,33℃,21℃,晴~多云,南风~无持续风向,3-4级~微风
2011-05-29,28℃,16℃,雷阵雨~阵雨,无持续风向,微风
2011-05-30,30℃,20℃,多云~晴,无持续风向,微风
2011-05-31,29℃,17℃,阵雨~晴,北风~无持续风向,3-4级~微风
2011-06-01,32℃,19℃,晴,无持续风向,微风
2011-06-02,35℃,22℃,多云~阴,无持续风向,微风
2011-06-03,33℃,20℃,晴,北风~无持续风向,3-4级~微风
2011-06-04,31℃,21℃,多云,无持续风向,微风
2011-06-05,33℃,21℃,阴~阵雨,无持续风向,微风
2011-06-06,32℃,21℃,雷阵雨~晴,无持续风向,微风
2011-06-07,36℃,21℃,多云~雷阵雨,无持续风向,微风
2011-06-08,34℃,21℃,晴,无持续风向,微风
2011-06-09,32℃,22℃,多云,无持续风向,微风
2011-06-10,32℃,18℃,雷阵雨,无持续风向,微风
2011-06-11,29℃,17℃,雷阵雨~晴,无持续风向,微风
2011-06-12,35℃,20℃,晴,无持续风向,微风
2011-06-13,33℃,21℃,晴~多云,无持续风向,微风
2011-06-14,33℃,22℃,多云,无持续风向,微风
2011-06-15,32℃,19℃,雷阵雨~中雨,无持续风向,微风
2011-06-16,26℃,19℃,雷阵雨,无持续风向,微风
2011-06-17,29℃,21℃,晴,无持续风向,微风
2011-06-18,33℃,21℃,晴,无持续风向,微风
2011-06-19,34℃,22℃,晴,无持续风向,微风
2011-06-20,34℃,23℃,多云,无持续风向,微风
2011-06-21,34℃,25℃,多云,无持续风向,微风
2011-06-22,30℃,24℃,阴~雷阵雨,无持续风向,微风
2011-06-23,28℃,19℃,中雨~中到大雨,无持续风向,微风
2011-06-24,26℃,19℃,阴~多云,无持续风向,微风
2011-06-25,31℃,19℃,晴,无持续风向,微风
2011-06-26,32℃,20℃,晴~多云,无持续风向,微风
2011-06-27,32℃,21℃,多云~阴,无持续风向,微风
2011-06-28,32℃,22℃,晴,无持续风向,微风
2011-06-29,30℃,23℃,多云~阵雨,无持续风向,微风
2011-06-30,30℃,23℃,多云~阵雨,无持续风向,微风
2011-07-01,27℃,21℃,小雨~中到大雨,无持续风向,微风
2011-07-02,28℃,22℃,小到中雨~小雨,无持续风向,微风
2011-07-03,33℃,22℃,晴,无持续风向,微风
2011-07-04,35℃,23℃,多云,无持续风向,微风
2011-07-05,33℃,25℃,阴~多云,无持续风向,微风
2011-07-06,32℃,21℃,阴~中雨,无持续风向,微风
2011-07-07,32℃,20℃,雷阵雨,无持续风向,微风
2011-07-08,33℃,22℃,多云~晴,无持续风向,微风
2011-07-09,35℃,22℃,晴,无持续风向,微风
2011-07-10,32℃,23℃,阴,无持续风向,微风
2011-07-11,33℃,22℃,多云~雷阵雨,无持续风向,微风
2011-07-12,31℃,23℃,阴~阵雨,无持续风向,微风
2011-07-13,32℃,24℃,多云~雷阵雨,无持续风向,微风
2011-07-14,31℃,22℃,雷阵雨,无持续风向,微风
2011-07-15,32℃,22℃,雷阵雨,无持续风向,微风
2011-07-16,31℃,22℃,多云~雷阵雨,无持续风向,微风
2011-07-17,30℃,20℃,小到中雨~中雨,无持续风向,微风
2011-07-18,28℃,21℃,阵雨,无持续风向,微风
2011-07-19,29℃,21℃,雷阵雨~阵雨,无持续风向,微风
2011-07-20,28℃,21℃,阵雨,无持续风向,微风
2011-07-21,29℃,22℃,雷阵雨,无持续风向,微风
2011-07-22,31℃,24℃,雷阵雨~晴,无持续风向,微风
2011-07-23,32℃,25℃,雾~多云,无持续风向,微风
2011-07-24,31℃,22℃,大雨~大到暴雨,无持续风向,微风
2011-07-25,30℃,24℃,阵雨~晴,无持续风向,微风
2011-07-26,35℃,25℃,晴~多云,无持续风向,微风
2011-07-27,33℃,25℃,阴~雷阵雨,无持续风向,微风
2011-07-28,32℃,26℃,阴~多云,无持续风向,微风
2011-07-29,27℃,23℃,大雨~中雨,无持续风向,微风
2011-07-30,33℃,23℃,晴,无持续风向,微风
2011-07-31,35℃,24℃,晴~雷阵雨,无持续风向,微风
2011-08-01,35℃,25℃,晴~阴,无持续风向,微风
2011-08-02,32℃,24℃,多云~阴,无持续风向,微风
2011-08-03,33℃,22℃,晴,无持续风向,微风
2011-08-04,33℃,23℃,晴,无持续风向,微风
2011-08-05,31℃,24℃,多云,无持续风向,微风
2011-08-06,31℃,23℃,雷阵雨,无持续风向,微风
2011-08-07,31℃,24℃,多云,无持续风向,微风
2011-08-08,34℃,24℃,多云,无持续风向,微风
2011-08-09,35℃,24℃,雷阵雨~晴,无持续风向,微风
2011-08-10,33℃,24℃,多云,无持续风向,微风
2011-08-11,33℃,25℃,多云~晴,无持续风向,微风
2011-08-12,33℃,24℃,多云~晴,无持续风向,微风
2011-08-13,31℃,24℃,阴~雷阵雨,无持续风向,微风
2011-08-14,30℃,21℃,中雨~大到暴雨,无持续风向,微风
2011-08-15,27℃,22℃,阵雨~中雨,无持续风向,微风
2011-08-16,32℃,23℃,晴,无持续风向,微风
2011-08-17,31℃,22℃,雷阵雨~多云,无持续风向,微风
2011-08-18,29℃,20℃,多云,无持续风向,微风
2011-08-19,29℃,20℃,多云,无持续风向,微风
2011-08-20,31℃,20℃,晴,无持续风向,微风
2011-08-21,31℃,21℃,晴,无持续风向,微风
2011-08-22,30℃,20℃,晴,无持续风向,微风
2011-08-23,30℃,20℃,多云,无持续风向,微风
2011-08-24,29℃,20℃,多云~阵雨,无持续风向,微风
2011-08-25,27℃,20℃,阵雨,无持续风向,微风
2011-08-26,27℃,20℃,雷阵雨~阵雨,无持续风向,微风
2011-08-27,28℃,20℃,雷阵雨~阴,无持续风向,微风
2011-08-28,30℃,20℃,多云~晴,无持续风向,微风
2011-08-29,30℃,21℃,多云~晴,无持续风向,微风
2011-08-30,31℃,22℃,晴~多云,无持续风向,微风
2011-08-31,31℃,20℃,雷阵雨~中雨,无持续风向,微风
2011-09-01,28℃,19℃,多云~晴,无持续风向,微风
2011-09-02,29℃,20℃,多云~阵雨,无持续风向,微风
2011-09-03,27℃,18℃,阴~多云,无持续风向,微风
2011-09-04,29℃,19℃,晴,无持续风向,微风
2011-09-06,29℃,21℃,多云~阴,无持续风向,微风
2011-09-07,26℃,18℃,阴~多云,无持续风向,微风
2011-09-08,24℃,17℃,阴~阵雨,无持续风向,微风
2011-09-09,24℃,15℃,晴~阴,无持续风向,微风
2011-09-10,17℃,14℃,小雨,无持续风向,微风
2011-09-11,24℃,17℃,晴~多云,无持续风向,微风
2011-09-12,21℃,16℃,阴~多云,无持续风向,微风
2011-09-13,23℃,18℃,多云,无持续风向,微风
2011-09-14,24℃,17℃,多云,无持续风向,微风
2011-09-15,25℃,17℃,多云~小雨,无持续风向,微风
2011-09-16,24℃,14℃,阴~多云,北风,3-4级
2011-09-17,20℃,12℃,多云~晴,无持续风向,微风
2011-09-18,21℃,10℃,多云~晴,无持续风向,微风
2011-09-19,22℃,11℃,晴,无持续风向,微风
2011-09-20,24℃,12℃,晴~多云,无持续风向,微风
2011-09-21,27℃,11℃,晴,无持续风向,微风
2011-09-22,28℃,12℃,晴,无持续风向,微风
2011-09-23,26℃,13℃,晴,无持续风向,微风
2011-09-24,27℃,14℃,晴~多云,无持续风向,微风
2011-09-25,27℃,15℃,晴,无持续风向,微风
2011-09-26,26℃,16℃,晴~多云,无持续风向,微风
2011-09-27,25℃,17℃,多云~阴,无持续风向,微风
2011-09-28,22℃,16℃,小雨~多云,无持续风向~北风,微风~3-4级
2011-09-29,22℃,11℃,多云~晴,北风~无持续风向,3-4级~微风
2011-09-30,21℃,10℃,晴,无持续风向,微风
2011-10-01,21℃,10℃,晴,无持续风向,微风
2011-10-02,21℃,8℃,晴,无持续风向,微风
2011-10-03,21℃,8℃,晴,无持续风向,微风
2011-10-04,21℃,12℃,多云~阴,无持续风向,微风
2011-10-05,25℃,9℃,晴,无持续风向,微风
2011-10-06,24℃,11℃,晴,无持续风向,微风
2011-10-07,24℃,12℃,晴,无持续风向,微风
2011-10-08,23℃,13℃,多云~阴,无持续风向,微风
2011-10-09,23℃,10℃,多云~晴,无持续风向,微风
2011-10-10,22℃,13℃,多云,无持续风向,微风
2011-10-11,23℃,14℃,多云,无持续风向,微风
2011-10-12,20℃,13℃,阴~小雨,无持续风向,微风
2011-10-13,20℃,11℃,晴~多云,无持续风向,微风
2011-10-14,19℃,11℃,多云~晴,北风,3-4级~4-5级
2011-10-15,20℃,8℃,晴,北风,4-5级~3-4级
2011-10-16,22℃,7℃,晴,无持续风向,微风
2011-10-17,20℃,9℃,晴,无持续风向,微风
2011-10-18,20℃,10℃,晴,无持续风向,微风
2011-10-19,19℃,12℃,多云~阴,无持续风向,微风
2011-10-20,18℃,12℃,雾,无持续风向,微风
2011-10-21,18℃,12℃,多云~雾,无持续风向,微风
2011-10-22,20℃,13℃,多云~阴,无持续风向,微风
2011-10-23,16℃,6℃,小雨~晴,北风,4-5级
2011-10-24,15℃,3℃,晴,北风~无持续风向,3-4级~微风
2011-10-25,16℃,5℃,晴~多云,无持续风向,微风
2011-10-26,13℃,5℃,小雨~阴,无持续风向,微风
2011-10-27,16℃,4℃,晴,无持续风向,微风
2011-10-28,16℃,6℃,晴~多云,无持续风向,微风
2011-10-29,17℃,7℃,晴,无持续风向,微风
2011-10-30,15℃,8℃,雾,无持续风向,微风
2011-10-31,15℃,9℃,阴~小雨,无持续风向,微风
2011-11-01,16℃,8℃,小雨~阴,无持续风向,微风
2011-11-02,16℃,8℃,多云,无持续风向,微风
2011-11-03,14℃,9℃,阴~小雨,无持续风向,微风
2011-11-04,14℃,7℃,小雨~多云,无持续风向,微风
2011-11-05,14℃,6℃,阴~多云,无持续风向,微风
2011-11-06,13℃,8℃,阴~多云,无持续风向,微风
2011-11-07,14℃,8℃,多云,无持续风向,微风
2011-11-08,15℃,4℃,阴,无持续风向,微风
2011-11-09,15℃,2℃,晴,无持续风向,微风
2011-11-10,16℃,3℃,晴~多云,无持续风向,微风
2011-11-11,13℃,7℃,多云,无持续风向,微风
2011-11-12,16℃,1℃,晴,北风,3-4级
2011-11-13,12℃,1℃,晴,无持续风向,微风
2011-11-14,13℃,1℃,晴,无持续风向,微风
2011-11-15,12℃,4℃,晴~多云,无持续风向,微风
2011-11-16,11℃,6℃,阴~小雨,无持续风向,微风
2011-11-17,9℃,5℃,小雨~阴,无持续风向,微风
2011-11-18,14℃,3℃,多云,无持续风向~北风,微风~3-4级
2011-11-19,8℃,-3℃,晴,北风~无持续风向,3-4级~微风
2011-11-20,8℃,-3℃,晴,无持续风向,微风
2011-11-21,9℃,1℃,晴~阴,无持续风向,微风
2011-11-22,12℃,-2℃,多云~晴,北风,4-5级
2011-11-23,7℃,-3℃,晴,无持续风向,微风
2011-11-24,6℃,-3℃,多云~晴,无持续风向,微风
2011-11-25,5℃,-1℃,晴~多云,无持续风向,微风
2011-11-26,7℃,0℃,多云~晴,无持续风向,微风
2011-11-27,10℃,0℃,多云,无持续风向,微风
2011-11-28,10℃,-1℃,晴~小雪,无持续风向,微风
2011-11-29,4℃,-4℃,阴~多云,无持续风向,微风
2011-11-30,6℃,-5℃,晴,无持续风向,微风
2011-12-01,4℃,-2℃,晴~阴,无持续风向,微风
2011-12-02,3℃,-4℃,小雪~多云,无持续风向,微风
2011-12-03,5℃,-5℃,晴,无持续风向,微风
2011-12-04,4℃,-4℃,晴~多云,无持续风向,微风
2011-12-05,2℃,-1℃,小雪,无持续风向,微风
2011-12-06,3℃,-2℃,小雪,无持续风向~北风,微风~3-4级
2011-12-07,6℃,-5℃,多云~晴,北风,3-4级
2011-12-08,0℃,-8℃,晴,北风~无持续风向,3-4级~微风
2011-12-09,1℃,-5℃,晴,无持续风向~北风,微风~3-4级
2011-12-10,5℃,-5℃,晴,北风~无持续风向,3-4级~微风
2011-12-11,8℃,-4℃,晴,无持续风向,微风
2011-12-12,7℃,-3℃,晴~多云,无持续风向,微风
2011-12-13,4℃,-4℃,多云~晴,无持续风向~北风,微风~3-4级
2011-12-14,1℃,-6℃,晴,北风,4-5级~3-4级
2011-12-15,0℃,-8℃,晴,北风,4-5级
2011-12-16,1℃,-8℃,晴,无持续风向,微风
2011-12-17,3℃,-9℃,晴,无持续风向,微风
2011-12-18,2℃,-7℃,晴~多云,无持续风向,微风
2011-12-19,2℃,-5℃,多云,无持续风向,微风
2011-12-20,3℃,-4℃,晴~多云,无持续风向~北风,微风~3-4级
2011-12-21,3℃,-7℃,晴,北风,4-5级~3-4级
2011-12-22,2℃,-8℃,晴,无持续风向,微风
2011-12-23,4℃,-6℃,晴,无持续风向,微风
2011-12-24,3℃,-7℃,晴,无持续风向,微风
2011-12-25,4℃,-7℃,晴,无持续风向,微风
2011-12-26,2℃,-5℃,晴~多云,无持续风向,微风
2011-12-27,3℃,-4℃,多云~阴,无持续风向,微风
2011-12-28,5℃,-7℃,晴~多云,无持续风向,微风
2011-12-29,-2℃,-5℃,小雪~阴,无持续风向,微风
2011-12-30,0℃,-5℃,阴~多云,无持续风向,微风
2011-12-31,4℃,-7℃,晴,无持续风向,微风
2012-01-01,3℃,-4℃,多云~阴,无持续风向,微风
2012-01-02,2℃,-6℃,晴,北风,4-5级
2012-01-03,1℃,-8℃,晴,北风~无持续风向,3-4级~微风
2012-01-04,1℃,-10℃,晴,无持续风向,微风
2012-01-05,2℃,-8℃,晴~多云,无持续风向,微风
2012-01-06,0℃,-6℃,阴,无持续风向,微风
2012-01-07,-2℃,-6℃,小雪~阴,无持续风向,微风
2012-01-08,2℃,-8℃,晴,无持续风向,微风
2012-01-09,2℃,-7℃,晴,无持续风向,微风
2012-01-10,3℃,-7℃,晴,北风~无持续风向,3-4级~微风
2012-01-11,2℃,-10℃,晴,无持续风向,微风
2012-01-12,3℃,-8℃,晴,无持续风向,微风
2012-01-13,4℃,-7℃,晴,无持续风向,微风
2012-01-14,4℃,-8℃,晴,无持续风向,微风
2012-01-16,1℃,-4℃,阴,无持续风向,微风
2012-01-17,2℃,-6℃,阴~多云,无持续风向,微风
2012-01-18,1℃,-4℃,多云~阴,无持续风向,微风
2012-01-19,0℃,-4℃,阴~小雪,无持续风向,微风
2012-01-20,-1℃,-8℃,阴~多云,无持续风向,微风
2012-01-21,-3℃,-11℃,晴,北风~无持续风向,3-4级~微风
2012-01-22,-4℃,-13℃,晴,无持续风向,微风
2012-01-23,-1℃,-10℃,晴,无持续风向,微风
2012-01-24,0℃,-12℃,晴,无持续风向,微风
2012-01-25,1℃,-11℃,晴,无持续风向,微风
2012-01-26,2℃,-9℃,晴,无持续风向,微风
2012-01-27,2℃,-7℃,晴~阴,无持续风向,微风
2012-01-28,-1℃,-9℃,阴~晴,无持续风向,微风
2012-01-29,0℃,-9℃,晴~阴,无持续风向,微风
2012-01-30,-3℃,-8℃,阴~多云,无持续风向,微风
2012-01-31,0℃,-11℃,晴,北风,3-4级
2012-02-01,-3℃,-12℃,晴,北风~无持续风向,3-4级~微风
2012-02-02,-1℃,-12℃,晴,无持续风向,微风
2012-02-03,2℃,-9℃,晴,无持续风向,微风
2012-02-04,4℃,-7℃,晴~多云,无持续风向,微风
2012-02-05,3℃,-7℃,多云~晴,无持续风向~北风,微风~4-5级
2012-02-06,-3℃,-12℃,晴,北风,5-6级~3-4级
2012-02-07,-2℃,-10℃,晴,北风~无持续风向,3-4级~微风
2012-02-08,2℃,-9℃,晴,无持续风向,微风
2012-02-09,4℃,-8℃,多云~晴,无持续风向,微风
2012-02-10,3℃,-8℃,晴~多云,无持续风向,微风
2012-02-11,5℃,-6℃,晴,无持续风向,微风
2012-02-12,4℃,-4℃,多云,无持续风向,微风
2012-02-13,4℃,-2℃,多云~阴,无持续风向,微风
2012-02-14,5℃,-6℃,多云,北风~无持续风向,3-4级~微风
2012-02-15,2℃,-4℃,晴,无持续风向~北风,微风~3-4级
2012-02-16,2℃,-7℃,晴,北风~无持续风向,3-4级~微风
2012-02-17,1℃,-7℃,晴,无持续风向,微风
2012-02-18,4℃,-7℃,晴,无持续风向,微风
2012-02-19,6℃,-5℃,晴,无持续风向,微风
2012-02-20,5℃,-6℃,多云,北风~无持续风向,3-4级~微风
2012-02-21,5℃,-2℃,多云~阴,无持续风向,微风
2012-02-22,7℃,-2℃,阴~晴,北风,3-4级
2012-02-23,5℃,-2℃,晴~阴,无持续风向,微风
2012-02-24,5℃,-4℃,阴~多云,北风~无持续风向,3-4级~微风
2012-02-25,4℃,-5℃,晴,无持续风向,微风
2012-02-26,6℃,-4℃,晴,无持续风向,微风
2012-02-27,6℃,-2℃,晴~多云,无持续风向,微风
2012-02-28,6℃,-1℃,多云~阴,无持续风向,微风
2012-02-29,8℃,0℃,多云~雨夹雪,无持续风向,微风
2012-03-01,4℃,-2℃,雨夹雪~小雪,无持续风向,微风
2012-03-02,4℃,-2℃,阴,无持续风向,微风
2012-03-03,4℃,-2℃,阴,无持续风向,微风
2012-03-04,5℃,-1℃,阴,无持续风向,微风
2012-03-05,5℃,0℃,阴~多云,无持续风向,微风
2012-03-06,10℃,-2℃,晴,无持续风向,微风
2012-03-07,10℃,-1℃,晴,北风~无持续风向,3-4级~微风
2012-03-08,5℃,-3℃,晴~多云,无持续风向,微风
2012-03-09,6℃,-1℃,多云~阴,无持续风向,微风
2012-03-10,6℃,-4℃,晴,北风,3-4级
2012-03-11,6℃,-6℃,晴,无持续风向,微风
2012-03-12,9℃,-3℃,晴,无持续风向,微风
2012-03-13,13℃,0℃,晴,无持续风向,微风
2012-03-14,13℃,-2℃,晴,无持续风向,微风
2012-03-15,10℃,4℃,多云~阴,无持续风向,微风
2012-03-16,14℃,4℃,多云,无持续风向,微风
2012-03-17,9℃,2℃,雾~小雨,无持续风向,微风
2012-03-18,6℃,-2℃,多云~晴,北风~无持续风向,3-4级~微风
2012-03-19,7℃,0℃,多云~阴,无持续风向,微风
2012-03-20,11℃,2℃,晴~多云,无持续风向,微风
2012-03-21,10℃,5℃,多云~阴,无持续风向,微风
2012-03-22,10℃,2℃,阴~小雨,无持续风向,微风
2012-03-23,12℃,1℃,晴,西北风,5-6级~4-5级
2012-03-24,14℃,1℃,晴,西北风~无持续风向,3-4级~微风
2012-03-25,15℃,2℃,晴,无持续风向,微风
2012-03-26,17℃,4℃,晴,无持续风向,微风
2012-03-27,21℃,5℃,晴,无持续风向,微风
2012-03-28,21℃,9℃,多云~小雨,无持续风向,微风
2012-03-29,21℃,6℃,多云~晴,北风,5-6级
2012-03-30,13℃,3℃,晴,北风,5-6级~3-4级
2012-03-31,17℃,3℃,晴~多云,无持续风向,微风
2012-04-01,12℃,5℃,多云~阴,东南风~无持续风向,3-4级~微风
2012-04-02,12℃,5℃,阴~晴,北风,5-6级
2012-04-03,18℃,4℃,晴,西风~无持续风向,3-4级~微风
2012-04-04,19℃,7℃,晴,西北风,4-5级
2012-04-05,17℃,3℃,多云,北风~无持续风向,4-5级~微风
2012-04-06,21℃,5℃,晴,无持续风向,微风
2012-04-07,22℃,10℃,晴,无持续风向~北风,微风~3-4级
2012-04-08,24℃,8℃,晴,无持续风向,微风
2012-04-10,22℃,10℃,阵雨~阴,南风~北风,3-4级~4-5级
2012-04-11,9℃,℃,多云~,无持续风向~,微风~
2012-04-12,23℃,10℃,晴,无持续风向,微风
2012-04-13,26℃,12℃,晴,无持续风向,微风
2012-04-14,28℃,14℃,多云~阴,南风~无持续风向,3-4级~微风
2012-04-15,27℃,10℃,多云~晴,北风,4-5级~3-4级
2012-04-16,23℃,10℃,晴,无持续风向,微风
2012-04-17,27℃,14℃,晴~多云,南风,3-4级
2012-04-18,22℃,14℃,阴~阵雨,南风~无持续风向,3-4级~微风
2012-04-19,19℃,19℃,雷阵雨,无持续风向,微风
2012-04-20,21℃,21℃,阴,无持续风向,微风
2012-04-21,16℃,16℃,小雨,无持续风向,微风
2012-04-22,24℃,24℃,多云,无持续风向,微风
2012-04-23,23℃,14℃,阴~中到大雨,无持续风向~,微风~
2012-04-24,19℃,11℃,中雨~小雨,无持续风向~北风,微风~3-4级
2012-04-25,21℃,6℃,晴,北风~无持续风向,4-5级~微风
2012-04-26,23℃,13℃,多云,无持续风向,微风
2012-04-27,24℃,12℃,晴,北风,4-5级
2012-04-28,22℃,10℃,多云~晴,无持续风向,微风
2012-04-29,21℃,12℃,浮尘,南风~无持续风向,3-4级~微风
2012-04-30,24℃,16℃,阴~阵雨,无持续风向,微风
2012-05-01,24℃,14℃,多云~阴,无持续风向,微风
2012-05-02,30℃,16℃,晴,无持续风向,微风
2012-05-03,32℃,18℃,晴,无持续风向,微风
2012-05-04,32℃,17℃,多云,无持续风向,微风
2012-05-05,31℃,15℃,晴,无持续风向,微风
2012-05-06,31℃,18℃,晴~多云,无持续风向,微风
2012-05-07,27℃,17℃,阴,无持续风向,微风
2012-05-08,31℃,16℃,晴,无持续风向,微风
2012-05-09,29℃,17℃,阴,无持续风向,微风
2012-05-10,30℃,18℃,晴~阵雨,无持续风向,微风
2012-05-11,23℃,16℃,小到中雨~中雨,无持续风向,微风
2012-05-12,25℃,12℃,阴~晴,无持续风向,微风
2012-05-13,23℃,15℃,阴~多云,无持续风向,微风
2012-05-14,26℃,13℃,晴~多云,北风~无持续风向,4-5级~微风
2012-05-15,27℃,14℃,晴~多云,北风~无持续风向,3-4级~微风
2012-05-16,27℃,15℃,晴,北风,3-4级
2012-05-17,30℃,16℃,晴,无持续风向,微风
2012-05-18,32℃,18℃,晴~雷阵雨,南风~无持续风向,3-4级~微风
2012-05-19,30℃,18℃,雷阵雨,无持续风向,微风
2012-05-20,27℃,17℃,阴~多云,无持续风向,微风
2012-05-21,26℃,20℃,多云~阴,无持续风向,微风
2012-05-22,27℃,17℃,阴~多云,无持续风向,微风
2012-05-23,28℃,18℃,晴~多云,无持续风向,微风
2012-05-24,29℃,16℃,晴~多云,无持续风向,微风
2012-05-25,28℃,15℃,阴,无持续风向,微风
2012-05-26,33℃,19℃,晴,无持续风向,微风
2012-05-27,34℃,20℃,晴,无持续风向,微风
2012-05-28,33℃,22℃,晴~阴,南风~无持续风向,3-4级~微风
2012-05-29,27℃,15℃,雷阵雨~阴,无持续风向,微风
2012-05-30,28℃,14℃,晴~多云,无持续风向,微风
2012-05-31,27℃,17℃,阴~雷阵雨,无持续风向,微风
2012-06-01,24℃,16℃,阴~雷阵雨,无持续风向,微风
2012-06-02,27℃,17℃,多云~雷阵雨,无持续风向,微风
2012-06-03,24℃,16℃,中雨~阴,无持续风向,微风
2012-06-04,32℃,19℃,多云,无持续风向,微风
2012-06-05,34℃,20℃,晴~多云,无持续风向,微风
2012-06-06,31℃,20℃,阴~雷阵雨,无持续风向,微风
2012-06-07,32℃,21℃,多云~雷阵雨,无持续风向,微风
2012-06-08,33℃,22℃,晴~多云,无持续风向,微风
2012-06-09,32℃,18℃,雷阵雨,无持续风向,微风
2012-06-10,29℃,15℃,多云~晴,无持续风向,微风
2012-06-11,32℃,18℃,晴~多云,无持续风向,微风
2012-06-12,30℃,18℃,阴,无持续风向,微风
2012-06-13,27℃,17℃,雷阵雨,无持续风向,微风
2012-06-14,27℃,17℃,多云~阴,无持续风向,微风
2012-06-15,29℃,17℃,多云,无持续风向,微风
2012-06-16,34℃,22℃,晴,无持续风向,微风
2012-06-17,38℃,24℃,多云~晴,无持续风向,微风
2012-06-18,37℃,23℃,晴~多云,无持续风向,微风
2012-06-19,33℃,23℃,多云~阴,无持续风向,微风
2012-06-20,32℃,22℃,阴,无持续风向,微风
2012-06-21,32℃,22℃,多云~阴,无持续风向,微风
2012-06-22,31℃,22℃,阴,无持续风向,微风
2012-06-23,28℃,22℃,多云~雷阵雨,无持续风向,微风
2012-06-24,26℃,20℃,中雨~雷阵雨,无持续风向,微风
2012-06-25,28℃,22℃,多云~雾,无持续风向,微风
2012-06-26,26℃,22℃,阵雨~阴,无持续风向,微风
2012-06-27,28℃,21℃,多云~阵雨,无持续风向,微风
2012-06-28,23℃,20℃,中雨,无持续风向,微风
2012-06-29,26℃,19℃,阴~多云,无持续风向,微风
2012-06-30,33℃,22℃,晴,无持续风向,微风
2012-07-01,35℃,23℃,雷阵雨~多云,无持续风向,微风
2012-07-02,36℃,22℃,晴,无持续风向,微风
2012-07-03,36℃,24℃,晴~多云,无持续风向,微风
2012-07-04,32℃,22℃,雷阵雨~小到中雨,无持续风向,微风
2012-07-05,29℃,22℃,阴,无持续风向,微风
2012-07-06,30℃,22℃,多云~雷阵雨,无持续风向,微风
2012-07-07,29℃,23℃,雷阵雨,无持续风向,微风
2012-07-08,29℃,24℃,小雨~雷阵雨,无持续风向,微风
2012-07-09,28℃,22℃,阵雨~中雨,无持续风向,微风
2012-07-10,32℃,23℃,雷阵雨,无持续风向,微风
2012-07-11,34℃,23℃,晴~雷阵雨,无持续风向,微风
2012-07-12,32℃,22℃,雷阵雨~阵雨,无持续风向,微风
2012-07-13,31℃,22℃,多云~阴,无持续风向,微风
2012-07-14,31℃,21℃,多云,无持续风向,微风
2012-07-15,33℃,22℃,晴,无持续风向,微风
2012-07-16,34℃,23℃,晴,无持续风向,微风
2012-07-17,34℃,23℃,晴,无持续风向,微风
2012-07-18,32℃,23℃,多云,无持续风向,微风
2012-07-19,31℃,25℃,多云,无持续风向,微风
2012-07-20,32℃,26℃,多云,无持续风向,微风
2012-07-21,30℃,23℃,中雨~暴雨,无持续风向,微风
2012-07-22,33℃,22℃,多云~晴,北风~无持续风向,3-4级~微风
2012-07-23,33℃,23℃,晴~多云,无持续风向,微风
2012-07-24,33℃,24℃,晴~阴,无持续风向,微风
2012-07-25,29℃,23℃,中雨~大雨,无持续风向,微风
2012-07-26,28℃,24℃,雷雨~阵雨,无持续风向,微风
2012-07-27,28℃,24℃,雷雨~中雨,无持续风向,微风
2012-07-28,28℃,23℃,大雨~中雨,无持续风向,微风
2012-07-29,35℃,23℃,晴,无持续风向,微风
2012-07-30,31℃,22℃,阴~中雨,无持续风向,微风
2012-07-31,22℃,19℃,中雨~小雨,无持续风向,微风
2012-08-01,24℃,21℃,小到中雨~阴,无持续风向,微风
2012-08-03,29℃,23℃,阴,无持续风向,微风
2012-08-04,33℃,23℃,晴~阴,无持续风向,微风
2012-08-05,31℃,24℃,阵雨~多云,无持续风向,微风
2012-08-06,32℃,24℃,多云,无持续风向,微风
2012-08-07,32℃,25℃,多云~雷雨,无持续风向,微风
2012-08-08,31℃,24℃,雷雨~阴,无持续风向,微风
2012-08-09,34℃,22℃,晴,无持续风向,微风
2012-08-10,33℃,24℃,晴~多云,无持续风向,微风
2012-08-11,29℃,23℃,阵雨,无持续风向,微风
2012-08-12,29℃,21℃,阴~多云,无持续风向,微风
2012-08-13,31℃,22℃,晴~多云,无持续风向,微风
2012-08-14,27℃,19℃,阵雨,无持续风向,微风
2012-08-15,31℃,20℃,晴,无持续风向,微风
2012-08-16,31℃,22℃,多云,无持续风向,微风
2012-08-17,29℃,22℃,阴~阵雨,无持续风向,微风
2012-08-18,29℃,22℃,阵雨~阴,无持续风向,微风
2012-08-19,31℃,22℃,晴~多云,无持续风向,微风
2012-08-20,30℃,21℃,阴~阵雨,无持续风向~北风,微风~3-4级
2012-08-21,29℃,17℃,晴,北风,3-4级
2012-08-22,28℃,16℃,晴,无持续风向,微风
2012-08-23,30℃,18℃,晴,无持续风向,微风
2012-08-24,30℃,18℃,晴,无持续风向,微风
2012-08-25,30℃,19℃,晴,无持续风向,微风
2012-08-26,29℃,22℃,多云~阵雨,无持续风向,微风
2012-08-27,27℃,21℃,阵雨~雷雨,无持续风向,微风
2012-08-28,33℃,22℃,晴,无持续风向,微风
2012-08-29,35℃,22℃,晴,无持续风向,微风
2012-08-30,33℃,24℃,多云,无持续风向,微风
2012-08-31,32℃,24℃,雷雨~阴,无持续风向,微风
2012-09-01,30℃,20℃,雷雨~大到暴雨,无持续风向,微风
2012-09-02,24℃,17℃,小雨~多云,北风,3-4级
2012-09-03,26℃,15℃,晴,北风~无持续风向,3-4级~微风
2012-09-04,26℃,14℃,晴,无持续风向,微风
2012-09-05,27℃,15℃,晴,无持续风向,微风
2012-09-06,24℃,17℃,阵雨,无持续风向,微风
2012-09-07,26℃,18℃,多云,无持续风向,微风
2012-09-08,27℃,17℃,晴,无持续风向,微风
2012-09-09,29℃,19℃,晴,无持续风向,微风
2012-09-10,27℃,20℃,多云~阴,无持续风向,微风
2012-09-11,25℃,17℃,小到中雨~中雨,无持续风向,微风
2012-09-12,24℃,14℃,晴,北风,4-5级~3-4级
2012-09-13,24℃,11℃,阴,无持续风向,微风
2012-09-14,26℃,12℃,晴,无持续风向,微风
2012-09-15,26℃,13℃,晴,无持续风向,微风
2012-09-16,27℃,15℃,晴,无持续风向,微风
2012-09-17,28℃,15℃,晴,无持续风向,微风
2012-09-18,29℃,14℃,晴,无持续风向,微风
2012-09-19,28℃,15℃,多云~晴,无持续风向,微风
2012-09-20,29℃,18℃,晴~多云,无持续风向,微风
2012-09-21,25℃,16℃,阵雨,无持续风向,微风
2012-09-22,26℃,16℃,多云~晴,无持续风向,微风
2012-09-23,28℃,16℃,晴,无持续风向,微风
2012-09-24,26℃,17℃,多云~阴,无持续风向,微风
2012-09-25,22℃,14℃,小到中雨~小雨,无持续风向,微风
2012-09-26,26℃,15℃,晴~阴,无持续风向,微风
2012-09-27,23℃,12℃,阵雨~晴,北风,5-6级
2012-09-28,22℃,11℃,晴,北风~无持续风向,5-6级~微风
2012-09-29,25℃,10℃,晴,无持续风向,微风
2012-09-30,25℃,11℃,晴,无持续风向,微风
2012-10-01,27℃,12℃,晴,无持续风向,微风
2012-10-02,25℃,15℃,晴~阴,无持续风向,微风
2012-10-03,26℃,13℃,晴,北风~无持续风向,3-4级~微风
2012-10-04,24℃,14℃,多云~小雨,无持续风向,微风
2012-10-05,24℃,10℃,晴,无持续风向,微风
2012-10-06,25℃,11℃,晴,无持续风向,微风
2012-10-07,25℃,12℃,晴,无持续风向,微风
2012-10-08,24℃,13℃,多云~阵雨,无持续风向,微风
2012-10-09,23℃,10℃,多云~晴,北风~无持续风向,4-5级~微风
2012-10-10,22℃,8℃,晴,无持续风向,微风
2012-10-11,22℃,10℃,晴,无持续风向,微风
2012-10-12,24℃,12℃,晴,无持续风向~北风,微风~3-4级
2012-10-13,20℃,7℃,晴,北风~无持续风向,3-4级~微风
2012-10-14,18℃,8℃,多云,无持续风向,微风
2012-10-15,17℃,10℃,阵雨~中雨,无持续风向,微风
2012-10-16,17℃,5℃,多云~晴,北风,5-6级~4-5级
2012-10-17,18℃,4℃,晴,无持续风向,微风
2012-10-18,20℃,7℃,晴~多云,无持续风向,微风
2012-10-19,20℃,9℃,晴,无持续风向,微风
2012-10-20,23℃,9℃,晴~阴,无持续风向,微风
2012-10-21,14℃,8℃,中雨~阴,无持续风向~北风,微风~3-4级
2012-10-22,18℃,3℃,晴,北风~无持续风向,4-5级~微风
2012-10-23,21℃,6℃,晴,无持续风向,微风
2012-10-24,22℃,7℃,晴,无持续风向,微风
2012-10-25,22℃,9℃,晴~多云,无持续风向,微风
2012-10-26,17℃,11℃,阴,无持续风向,微风
2012-10-27,22℃,6℃,晴,北风~无持续风向,3-4级~微风
2012-10-28,16℃,6℃,晴~阴,无持续风向,微风
2012-10-29,15℃,2℃,阴~晴,北风~无持续风向,3-4级~微风
2012-10-30,13℃,2℃,晴~多云,南风~北风,3-4级
2012-10-31,14℃,1℃,晴,无持续风向,微风
2012-11-01,15℃,3℃,晴,无持续风向,微风
2012-11-02,15℃,6℃,多云~阴,无持续风向,微风
2012-11-03,10℃,1℃,中雨~大雨,无持续风向~北风,微风~4-5级
2012-11-04,3℃,0℃,雨夹雪,北风,4-5级
2012-11-05,12℃,-2℃,晴~晴间多云,北风~无持续风向,3-4级~微风
2012-11-06,12℃,-1℃,晴~晴间多云,无持续风向,微风
2012-11-07,13℃,-1℃,多云~多云转晴,北风~无持续风向,3-4级~微风
2012-11-08,13℃,1℃,晴~晴间多云,无持续风向,微风
2012-11-09,11℃,2℃,阴~阴转小雨,无持续风向,微风
2012-11-10,7℃,0℃,小到中雨~阴转晴,无持续风向~北风,微风~5-6级
2012-11-11,6℃,-2℃,晴,北风,5-6级~4-5级
2012-11-12,9℃,-1℃,晴~晴间多云,北风,3-4级
2012-11-13,7℃,-4℃,晴~晴间多云,北风~无持续风向,4-5级~微风
2012-11-14,10℃,-4℃,晴~晴间多云,无持续风向,微风
2012-11-15,7℃,0℃,晴~阴转小雨夹雪,无持续风向,微风
2012-11-16,11℃,-2℃,多云~晴,北风~无持续风向,3-4级~微风
2012-11-17,10℃,-1℃,晴~晴转多云,无持续风向,微风
2012-11-18,11℃,1℃,多云~晴,北风,3-4级
2012-11-19,10℃,-3℃,晴,无持续风向,微风
2012-11-20,10℃,-2℃,晴~晴转多云,无持续风向,微风
2012-11-21,9℃,1℃,多云~多云转阴,无持续风向~北风,微风~4-5级
2012-11-22,9℃,-3℃,阴~多云转晴,北风,5-6级~4-5级
2012-11-23,6℃,-5℃,晴,无持续风向,微风
2012-11-24,7℃,-3℃,晴~晴转多云,无持续风向,微风
2012-11-25,8℃,-2℃,多云~晴间多云,北风,3-4级~4-5级
2012-11-26,7℃,-5℃,晴~晴转多云,北风~无持续风向,3-4级~微风
2012-11-27,6℃,-2℃,多云~多云转晴,北风,3-4级~4-5级
2012-11-28,5℃,-6℃,晴,北风~无持续风向,4-5级~微风
2012-11-29,4℃,-4℃,晴~晴间多云,无持续风向~北风,微风~3-4级
2012-11-30,3℃,-7℃,晴~晴转多云,北风~无持续风向,3-4级~微风
2012-12-01,1℃,-7℃,阴~阴转多云,无持续风向,微风
2012-12-02,-1℃,-4℃,阴~雾转晴,无持续风向~北风,微风~4-5级
2012-12-03,3℃,-8℃,晴~晴间多云,北风~无持续风向,4-5级~微风
2012-12-04,2℃,-6℃,阴~多云转晴,无持续风向~北风,微风~3-4级
2012-12-05,-1℃,-9℃,晴~晴转多云,北风~无持续风向,5-6级~微风
2012-12-06,-3℃,-9℃,多云~多云间晴,无持续风向,微风
2012-12-07,-1℃,-9℃,多云转晴~晴间多云,北风,3-4级~4-5级
2012-12-08,-3℃,-10℃,晴间多云,北风,5-6级~4-5级
2012-12-09,2℃,-9℃,晴~晴转多云,无持续风向,微风
2012-12-10,0℃,-9℃,多云转阴~阴,无持续风向,微风
2012-12-11,0℃,-7℃,多云~阴,无持续风向,微风
2012-12-12,-1℃,-4℃,小雪转阴，有雾~阴有雾,无持续风向,微风
2012-12-13,1℃,-3℃,小雪~阴有中雪,无持续风向,微风
2012-12-14,1℃,-3℃,小雪~雾,无持续风向,微风
2012-12-15,3℃,-3℃,雾~雾转小雪,无持续风向,微风
2012-12-16,-1℃,-8℃,小雪~阴转晴,无持续风向~北风,微风~3-4级
2012-12-17,0℃,-10℃,晴,北风,5-6级
2012-12-18,0℃,-8℃,晴~晴转阴,无持续风向,微风
2012-12-19,-1℃,-7℃,阴有零星小雪转多云~多云、有轻雾,无持续风向,微风
2012-12-20,0℃,-5℃,小雪~小雪转阴,无持续风向,微风
2012-12-21,2℃,-9℃,多云,无持续风向,微风
2012-12-22,-3℃,-14℃,晴~阴转晴,北风,4-5级
2012-12-23,-6℃,-15℃,晴~晴间多云,北风~无持续风向,3-4级~微风
2012-12-24,-3℃,-12℃,晴~晴间多云,北风,3-4级~4-5级
2012-12-25,-2℃,-12℃,晴~晴间多云,无持续风向,微风
2012-12-26,-3℃,-11℃,晴,无持续风向,微风
2012-12-27,-3℃,-10℃,多云~多云转阴，有轻雾,无持续风向,微风
2012-12-28,-4℃,-8℃,小雪~小雪转多云,无持续风向~北风,微风~5-6级
2012-12-29,-3℃,-10℃,晴,西北风~北风,5-6级~3-4级
2012-12-30,-2℃,-12℃,晴~晴间多云,无持续风向,微风
2012-12-31,-2℃,-10℃,晴~晴间多云,无持续风向~北风,微风~3-4级
2013-01-01,-3℃,-13℃,晴~晴间多云,北风,4-5级
2013-01-02,-6℃,-14℃,晴~晴间多云,北风,4-5级
2013-01-03,-4℃,-14℃,晴,无持续风向,微风
2013-01-04,-3℃,-12℃,晴,无持续风向,微风
2013-01-05,-1℃,-13℃,晴~晴间多云,无持续风向,微风
2013-01-06,0℃,-11℃,晴~晴间多云,无持续风向,微风
2013-01-07,0℃,-10℃,多云~晴间多云,无持续风向,微风
2013-01-08,0℃,-12℃,晴,无持续风向,微风
2013-01-09,0℃,-12℃,晴~晴间多云,无持续风向,微风
2013-01-10,0℃,-9℃,晴~多云转阴有轻雾,无持续风向,微风
2013-01-11,3℃,-7℃,阴~晴间多云，有雾,北风~无持续风向,3-4级~微风
2013-01-12,2℃,-7℃,雾~晴间多云，有雾,无持续风向,微风
2013-01-13,0℃,-7℃,雾~晴间多云，有雾霾,无持续风向,微风
2013-01-14,0℃,-5℃,雾~阴转小雪，并有雾,无持续风向,微风
2013-01-15,0℃,-8℃,小雪~多云，有轻雾,无持续风向,微风
2013-01-16,1℃,-10℃,晴,无持续风向,微风
2013-01-17,3℃,-10℃,晴~晴间多云,无持续风向,微风
2013-01-18,3℃,-8℃,晴~晴间多云，有轻度雾霾,无持续风向,微风
2013-01-19,2℃,-5℃,雾~阴有轻度雾霾转中雪,无持续风向,微风
2013-01-20,-2℃,-7℃,小雪~阴有零星小雪转多云，有雾,无持续风向,微风
2013-01-21,3℃,-8℃,多云~晴间多云，有轻雾,无持续风向,微风
2013-01-22,3℃,-8℃,晴~多云转阴，有雾,无持续风向,微风
2013-01-23,0℃,-6℃,雾~阴转晴,无持续风向~北风,微风~4-5级
2013-01-24,3℃,-10℃,晴~晴间多云,北风~无持续风向,3-4级~微风
2013-01-25,0℃,-9℃,晴~晴间多云,无持续风向,微风
2013-01-26,1℃,-8℃,晴~晴间多云，有轻度雾霾,无持续风向,微风
2013-01-27,2℃,-8℃,晴~晴间多云，有雾,无持续风向,微风
2013-01-28,3℃,-5℃,雾~有雾,无持续风向,微风
2013-01-29,1℃,-5℃,雾~多云间阴，有雾霾,无持续风向,微风
2013-01-30,0℃,-4℃,小雪~阴有零星小雪，并有雾霾,无持续风向,微风
2013-01-31,0℃,-4℃,小雪~雾转多云,无持续风向~北风,微风~3-4级
2013-02-01,3℃,-9℃,晴~晴间多云,北风~无持续风向,3-4级~微风
2013-02-02,2℃,-7℃,晴~晴转阴，早晨有小雪,无持续风向,微风
2013-02-03,0℃,-5℃,小雪~雾转晴，傍晚有零星小雪,无持续风向~北风,微风~3-4级
2013-02-04,2℃,-7℃,晴~晴转阴，明晨有小雪,北风~无持续风向,3-4级~微风
2013-02-05,0℃,-7℃,小雪~晴间多云,无持续风向,微风
2013-02-06,4℃,-11℃,晴,北风,5-6级~4-5级
2013-02-07,-4℃,-13℃,晴~晴间多云,北风~无持续风向,3-4级~微风
2013-02-08,-2℃,-10℃,晴~晴转多云,无持续风向,微风
2013-02-09,-1℃,-7℃,多云~多云间阴，有轻微雾霾,无持续风向,微风
2013-02-10,0℃,-7℃,多云~阴,无持续风向,微风
2013-02-11,-1℃,-6℃,小雪,无持续风向,微风
2013-02-12,4℃,-7℃,晴~晴间多云，有轻雾,无持续风向,微风
2013-02-13,4℃,-5℃,晴~多云，有轻度雾霾,无持续风向,微风
2013-02-14,3℃,-7℃,阴~多云转晴,无持续风向,微风
2013-02-15,4℃,-6℃,晴~多云,无持续风向,微风
2013-02-16,2℃,-5℃,阴~多云间阴，有轻雾,无持续风向,微风
2013-02-17,7℃,-5℃,多云~阴,北风~无持续风向,4-5级~微风
2013-02-18,3℃,-8℃,多云~晴,无持续风向,微风
2013-02-19,2℃,-8℃,晴~多云,无持续风向,微风
2013-02-20,4℃,-8℃,晴~晴间多云,无持续风向,微风
2013-02-21,3℃,-3℃,多云~轻度雾霾转晴,无持续风向,微风
2013-02-22,7℃,-5℃,晴,无持续风向,微风
2013-02-23,9℃,-4℃,晴~晴转多云，有轻雾,无持续风向,微风
2013-02-24,6℃,-3℃,阴~阴有雾霾，早晨有小雪,无持续风向,微风
2013-02-25,3℃,-5℃,小雪~阴转多云，有雾,无持续风向,微风
2013-02-26,9℃,-4℃,晴~晴间多云，有轻雾,无持续风向,微风
2013-02-27,13℃,2℃,霾~晴转阴，有雾霾,无持续风向,微风
2013-02-28,14℃,-4℃,浮尘~晴间多云,北风,6-7级~5-6级
2013-03-01,7℃,-6℃,晴,北风~无持续风向,3-4级~微风
2013-03-02,6℃,-4℃,多云~多云转晴,无持续风向,微风
2013-03-03,14℃,1℃,晴~晴间多云,无持续风向,微风
2013-03-04,15℃,1℃,晴~晴间多云,无持续风向,微风
2013-03-05,16℃,2℃,晴~多云间阴，有轻度雾霾,无持续风向,微风
2013-03-06,15℃,1℃,多云~晴间多云,无持续风向,微风
2013-03-07,16℃,3℃,霾~多云转晴，有轻度雾霾,无持续风向,微风
2013-03-08,20℃,4℃,霾~多云转阴，有霾,南风~无持续风向,3-4级~微风
2013-03-09,18℃,-2℃,浮尘~晴,北风,5-6级~3-4级
2013-03-10,11℃,-2℃,晴~晴间多云,无持续风向,微风
2013-03-11,13℃,4℃,多云~有霾，早晨转阴有小雨,无持续风向,微风
2013-03-12,9℃,-2℃,小雨~多云转晴，有轻雾,东北风~无持续风向,3-4级~微风
2013-03-13,9℃,-3℃,晴~晴间多云,无持续风向,微风
2013-03-14,11℃,-1℃,多云~晴间多云，有轻雾,无持续风向,微风
2013-03-15,13℃,2℃,多云~多云，有轻度雾霾,无持续风向,微风
2013-03-16,14℃,4℃,多云~多云转阴有雾霾,无持续风向,微风
2013-03-17,19℃,6℃,霾~多云间阴，有霾,无持续风向,微风
2013-03-18,11℃,1℃,多云~多云转阴,北风~无持续风向,3-4级~微风
2013-03-19,4℃,-3℃,中雪~阴有小雪转晴,无持续风向,微风
2013-03-20,8℃,-2℃,多云~晴间多云，有轻雾,无持续风向,微风
2013-03-21,12℃,2℃,多云~多云转晴,无持续风向~北风,微风~3-4级
2013-03-22,11℃,1℃,晴~晴转阴,南风~无持续风向,3-4级~微风
2013-03-23,13℃,-2℃,阴~晴间多云,北风,4-5级
2013-03-24,11℃,-2℃,晴~晴间多云,无持续风向,微风
2013-03-25,11℃,1℃,晴~晴转多云，有轻微霾,无持续风向,微风
2013-03-26,15℃,4℃,晴~霾,无持续风向,微风
2013-03-27,17℃,2℃,多云~晴,北风,3-4级
2013-03-28,12℃,-2℃,多云~晴,无持续风向,微风
2013-03-29,11℃,0℃,阴~雨夹雪,无持续风向,微风
2013-03-30,10℃,2℃,多云,无持续风向,微风
2013-03-31,10℃,5℃,霾~小雨,无持续风向~北风,微风~3-4级
2013-04-01,16℃,0℃,多云~晴,北风~无持续风向,4-5级~微风
2013-04-02,19℃,5℃,晴,无持续风向,微风
2013-04-03,18℃,4℃,多云,无持续风向,微风
2013-04-04,12℃,5℃,小雨,无持续风向,微风
2013-04-05,15℃,2℃,多云~晴,北风,4-5级
2013-04-06,14℃,1℃,晴,无持续风向,微风
2013-04-07,15℃,15℃,多云,无持续风向~北风,微风~3-4级
2013-04-08,13℃,4℃,晴~多云间晴,北风,5-6级~4-5级
2013-04-09,13℃,4℃,多云~多云间晴,北风,3-4级
2013-04-10,14℃,2℃,多云~晴,北风~无持续风向,3-4级~微风
2013-04-11,17℃,1℃,晴,北风~无持续风向,3-4级~微风
2013-04-12,22℃,7℃,多云,无持续风向,微风
2013-04-13,24℃,5℃,多云,北风,4-5级
2013-04-14,16℃,5℃,晴~晴间多云,无持续风向,微风
2013-04-15,20℃,8℃,晴~阴,南风~无持续风向,3-4级~微风
2013-04-16,20℃,5℃,晴,北风~无持续风向,3-4级~微风
2013-04-17,18℃,8℃,多云,无持续风向~北风,微风~4-5级
2013-04-18,14℃,4℃,晴~阴,无持续风向,微风
2013-04-19,5℃,3℃,小雨~阴,无持续风向,微风
2013-04-20,16℃,5℃,晴,无持续风向,微风
2013-04-21,18℃,7℃,多云,南风~无持续风向,3-4级~微风
2013-04-22,19℃,9℃,多云~雾,南风~无持续风向,3-4级~微风
2013-04-23,16℃,8℃,阵雨~多云,无持续风向,微风
2013-04-24,23℃,10℃,晴~多云,北风~无持续风向,3-4级~微风
2013-04-25,23℃,7℃,晴,北风~无持续风向,3-4级~微风
2013-04-26,23℃,9℃,多云,无持续风向,微风
2013-04-27,23℃,10℃,多云~多云转阴,无持续风向,微风
2013-04-28,20℃,11℃,阵雨~多云转晴,无持续风向~北风,微风~3-4级
2013-04-29,27℃,12℃,晴,北风~无持续风向,4-5级~微风
2013-04-30,28℃,10℃,晴~晴间多云,北风~无持续风向,3-4级~微风
2013-05-01,25℃,11℃,晴~晴转多云,南风~无持续风向,3-4级~微风
2013-05-02,24℃,11℃,多云~阴转晴,南风~无持续风向,3-4级~微风
2013-05-03,22℃,11℃,晴~晴转多云,无持续风向,微风
2013-05-04,27℃,13℃,晴~晴，有轻微霾,无持续风向,微风
2013-05-05,30℃,16℃,晴~晴间多云，有轻度雾霾,无持续风向,微风
2013-05-06,29℃,17℃,霾~多云，有中度霾,无持续风向,微风
2013-05-07,30℃,16℃,多云~多云间阴，有轻度霾,南风~无持续风向,3-4级~微风
2013-05-08,26℃,16℃,阵雨~阴天间多云有阵雨,南风~无持续风向,3-4级~微风
2013-05-09,22℃,14℃,阵雨~阴转晴,无持续风向~北风,微风~3-4级
2013-05-10,31℃,13℃,晴~晴间多云,北风~无持续风向,3-4级~微风
2013-05-11,33℃,14℃,晴~晴间多云,北风~无持续风向,3-4级~微风
2013-05-12,31℃,14℃,晴~多云,无持续风向,微风
2013-05-13,27℃,17℃,多云~多云转晴,无持续风向~北风,微风~3-4级
2013-05-14,30℃,13℃,晴~晴间多云,北风~无持续风向,4-5级~微风
2013-05-15,29℃,14℃,晴~多云间晴,无持续风向,微风
2013-05-16,26℃,15℃,多云~多云转阴,无持续风向,微风
2013-05-17,25℃,16℃,阴~晴间多云,无持续风向,微风
2013-05-18,27℃,16℃,霾~多云转阴，有雷阵雨,南风~无持续风向,3-4级~微风
2013-05-19,28℃,13℃,阴~晴间多云,北风,4-5级~3-4级
2013-05-20,31℃,17℃,晴~多云间晴,南风~无持续风向,3-4级~微风
2013-05-21,31℃,18℃,多云~阴天间多云,无持续风向,微风
2013-05-22,29℃,16℃,多云~阴转多云,南风~无持续风向,3-4级~微风
2013-05-23,29℃,18℃,多云~多云转阴,无持续风向,微风
2013-05-24,29℃,17℃,阴~阴转多云,无持续风向,微风
2013-05-25,30℃,19℃,多云~多云转阴,无持续风向,微风
2013-05-26,24℃,17℃,小雨~阴有小雨，并有轻雾,无持续风向,微风
2013-05-27,26℃,17℃,阴~阴有轻雾,无持续风向,微风
2013-05-28,24℃,17℃,阵雨~多云转晴,无持续风向~北风,微风~3-4级
2013-05-29,30℃,15℃,晴~晴间多云,无持续风向,微风
2013-05-30,34℃,18℃,晴~晴间多云,南风~无持续风向,3-4级~微风
2013-05-31,33℃,18℃,多云~多云转晴,南风~无持续风向,3-4级~微风
2013-06-01,32℃,17℃,晴~多云间阴,无持续风向,微风
2013-06-02,27℃,17℃,雷雨~阴有雾霾转晴,无持续风向,微风
2013-06-03,33℃,19℃,晴~晴转多云,无持续风向,微风
2013-06-04,26℃,18℃,阵雨~阴有阵雨,无持续风向,微风
2013-06-05,24℃,19℃,阵雨~阴有零星小雨，有雾,无持续风向,微风
2013-06-06,22℃,19℃,雾~雾有小雨伴有雷电,无持续风向,微风
2013-06-07,22℃,19℃,中到大雨~阴有阵雨，有雾,无持续风向,微风
2013-06-08,23℃,18℃,阵雨~雾转中到大雨,无持续风向,微风
2013-06-09,20℃,15℃,小到中雨~阴转多云,无持续风向,微风
2013-06-10,26℃,14℃,多云~多云转晴,无持续风向,微风
2013-06-11,27℃,15℃,多云~多云转晴,无持续风向,微风
2013-06-12,29℃,17℃,多云~多云间晴,无持续风向,微风
2013-06-13,30℃,21℃,多云~多云间晴,无持续风向,微风
2013-06-14,30℃,21℃,多云~多云有轻度雾霾,南风~无持续风向,3-4级~微风
2013-06-15,33℃,22℃,多云~多云转阴有轻度雾霾,南风~无持续风向,3-4级~微风
2013-06-16,27℃,20℃,雷雨~阴有小到中雨,无持续风向,微风
2013-06-17,31℃,20℃,多云~多云转晴,无持续风向,微风
2013-06-18,33℃,21℃,阴~多云转晴,无持续风向,微风
2013-06-19,34℃,23℃,晴~晴转多云,无持续风向,微风
2013-06-20,32℃,23℃,多云~阴天间多云,无持续风向,微风
2013-06-21,32℃,22℃,多云~阴转阵雨,无持续风向,微风
2013-06-22,24℃,20℃,小雨~阴转多云,无持续风向,微风
2013-06-23,31℃,21℃,多云~多云间阴,无持续风向,微风
2013-06-24,31℃,21℃,雷雨~阴有雷阵雨转多云,无持续风向,微风
2013-06-25,27℃,21℃,雷雨~阴有雷阵雨,无持续风向,微风
2013-06-26,29℃,22℃,雾~多云转晴,无持续风向,微风
2013-06-27,34℃,23℃,多云~多云转晴,无持续风向,微风
2013-06-28,30℃,21℃,霾~阴有中到大雨,无持续风向,微风
2013-06-29,26℃,22℃,阵雨~阴转阵雨,无持续风向,微风
2013-06-30,28℃,22℃,雷雨~阴有雷阵雨,无持续风向,微风
2013-07-01,27℃,20℃,大雨~大雨伴有雷电转多云,无持续风向,微风
2013-07-02,34℃,22℃,晴~晴间多云,无持续风向,微风
2013-07-03,36℃,23℃,晴~多云间晴,无持续风向,微风
2013-07-04,35℃,23℃,雷雨~阴转晴,无持续风向,微风
2013-07-05,36℃,23℃,晴~晴间多云,无持续风向,微风
2013-07-06,35℃,24℃,晴~晴转多云,无持续风向,微风
2013-07-07,32℃,24℃,阴~多云,无持续风向,微风
2013-07-08,31℃,22℃,雷雨~阴有大雨,无持续风向,微风
2013-07-09,27℃,21℃,大雨~阴有小雨,无持续风向,微风
2013-07-10,27℃,21℃,阵雨~阴有阵雨,无持续风向,微风
2013-07-11,27℃,22℃,阵雨~阴转多云,无持续风向,微风
2013-07-12,32℃,21℃,多云~晴转多云,无持续风向,微风
2013-07-13,31℃,24℃,阴~多云有雾霾,无持续风向,微风
2013-07-14,30℃,21℃,阴~阴转大到暴雨,无持续风向,微风
2013-07-15,26℃,22℃,中雨~阴有阵雨转晴,无持续风向,微风
2013-07-16,34℃,21℃,晴~晴间多云,北风~无持续风向,3-4级~微风
2013-07-17,33℃,22℃,多云~晴转多云,无持续风向,微风
2013-07-18,28℃,22℃,阵雨~阴有雷阵雨,无持续风向,微风
2013-07-19,30℃,23℃,多云~晴间多云,无持续风向,微风
2013-07-20,31℃,23℃,雷雨~多云转晴,无持续风向,微风
2013-07-21,32℃,23℃,多云,无持续风向,微风
2013-07-22,31℃,23℃,多云~多云转阴,无持续风向,微风
2013-07-23,31℃,22℃,多云~晴间多云,无持续风向,微风
2013-07-24,38℃,23℃,晴,无持续风向,微风
2013-07-25,35℃,24℃,多云~晴转阴,无持续风向,微风
2013-07-26,30℃,23℃,中雨~阴有阵雨,无持续风向,微风
2013-07-27,27℃,23℃,阵雨~阴转晴,无持续风向,微风
2013-07-28,37℃,24℃,晴~晴间多云,无持续风向,微风
2013-07-29,31℃,24℃,雷雨~多云转晴,无持续风向,微风
2013-07-30,35℃,24℃,晴~多云转阴,无持续风向,微风
2013-07-31,33℃,22℃,雷雨~阴有中-大雨,无持续风向,微风
2013-08-01,28℃,22℃,中雨~阴有雷阵雨,无持续风向,微风
2013-08-02,31℃,22℃,雷雨~阴有雷阵雨转多云,无持续风向,微风
2013-08-03,33℃,23℃,晴~晴间多云,无持续风向,微风
2013-08-04,36℃,23℃,晴~阴有雷阵雨有短时大风或冰雹转晴,无持续风向,微风
2013-08-05,34℃,24℃,晴~多云转阴,无持续风向,微风
2013-08-06,32℃,23℃,雷雨~阴有中雨,无持续风向,微风
2013-08-07,30℃,23℃,小到中雨~阴有阵雨转晴,无持续风向,微风
2013-08-08,34℃,23℃,多云~多云转晴,无持续风向,微风
2013-08-09,36℃,23℃,雷雨~晴间多云,无持续风向,微风
2013-08-10,35℃,26℃,晴~晴转阴,无持续风向,微风
2013-08-11,31℃,22℃,中雨~阴有大雨到暴雨,无持续风向,微风
2013-08-12,30℃,24℃,阴天间多云~多云间晴,无持续风向,微风
2013-08-13,32℃,24℃,多云,无持续风向,微风
2013-08-14,34℃,24℃,多云~多云间阴,无持续风向,微风
2013-08-15,33℃,26℃,多云~多云转阴有雷阵雨,无持续风向,微风
2013-08-16,33℃,26℃,雷雨~阴有雷阵雨转多云,无持续风向,微风
2013-08-17,37℃,24℃,晴,无持续风向,微风
2013-08-18,36℃,21℃,晴,无持续风向,微风
2013-08-19,33℃,22℃,晴~晴转多云,无持续风向,微风
2013-08-20,31℃,22℃,阴~阴天间多云有阵雨,无持续风向,微风
2013-08-21,29℃,22℃,阵雨~多云间晴,无持续风向,微风
2013-08-22,29℃,21℃,阵雨~多云转晴,无持续风向,微风
2013-08-23,32℃,21℃,多云~晴间多云,无持续风向,微风
2013-08-24,34℃,21℃,多云~晴间多云,无持续风向,微风
2013-08-25,34℃,21℃,晴~晴间多云,无持续风向,微风
2013-08-26,35℃,21℃,晴~晴转多云,无持续风向,微风
2013-08-27,28℃,22℃,小雨~阴转中雨,无持续风向,微风
2013-08-28,26℃,21℃,小雨~阴转晴,无持续风向,微风
2013-08-29,29℃,17℃,晴~多云间阴,北风,4-5级~3-4级
2013-08-30,26℃,15℃,晴,无持续风向,微风
2013-08-31,30℃,15℃,晴~晴间多云,无持续风向,微风
2013-09-01,30℃,17℃,多云~晴转阴,无持续风向,微风
2013-09-02,27℃,17℃,晴~晴间多云,无持续风向,微风
2013-09-03,27℃,18℃,多云~多云转阴有雷阵雨,无持续风向,微风
2013-09-04,23℃,17℃,中雨~阴有中雨,无持续风向,微风
2013-09-05,26℃,17℃,多云~多云间阴有短时雷阵雨,无持续风向,微风
2013-09-06,27℃,17℃,多云~多云转晴,无持续风向,微风
2013-09-07,29℃,17℃,晴~晴转多云,无持续风向,微风
2013-09-08,25℃,18℃,阵雨~阴有雷阵雨,无持续风向,微风
2013-09-09,26℃,18℃,多云~多云间阴,无持续风向,微风
2013-09-10,29℃,18℃,晴~多云,无持续风向,微风
2013-09-11,29℃,18℃,晴~晴转多云,无持续风向,微风
2013-09-12,27℃,18℃,雷雨~阴有雷阵雨,无持续风向,微风
2013-09-13,24℃,18℃,小雨~雾转雷阵雨,无持续风向,微风
2013-09-14,31℃,15℃,晴~晴间多云,北风~无持续风向,3-4级~微风
2013-09-15,27℃,18℃,多云~多云间阴,无持续风向,微风
2013-09-16,25℃,16℃,阴~多云转阴有阵雨,无持续风向,微风
2013-09-17,24℃,18℃,阵雨~阴有中雨,无持续风向,微风
2013-09-18,23℃,18℃,阵雨~阴转阵雨,无持续风向,微风
2013-09-19,25℃,16℃,阵雨~多云转晴,无持续风向,微风
2013-09-20,28℃,18℃,多云~多云间阴,无持续风向,微风
2013-09-21,27℃,17℃,晴~晴转多云,无持续风向,微风
2013-09-22,24℃,17℃,阴~阴转阵雨,无持续风向,微风
2013-09-23,21℃,12℃,阵雨~多云转晴,北风~无持续风向,4-5级~微风
2013-09-24,22℃,10℃,多云~晴间多云,北风~无持续风向,3-4级~微风
2013-09-25,25℃,8℃,晴,无持续风向,微风
2013-09-26,26℃,12℃,晴~晴间多云,无持续风向,微风
2013-09-27,26℃,11℃,晴间多云~晴转多云,无持续风向,微风
2013-09-28,22℃,13℃,多云~多云转阴,无持续风向,微风
2013-09-29,22℃,15℃,霾~多云,无持续风向,微风
2013-09-30,21℃,16℃,霾~雾霾转阵雨,无持续风向,微风
2013-10-01,20℃,9℃,小雨~晴间多云,北风,3-4级
2013-10-02,24℃,9℃,晴~晴间多云,无持续风向,微风
2013-10-03,22℃,10℃,晴~晴间多云,无持续风向,微风
2013-10-04,24℃,12℃,晴~晴间多云,无持续风向,微风
2013-10-05,23℃,13℃,霾~多云有雾和霾,无持续风向,微风
2013-10-06,21℃,13℃,霾~阴转多云,无持续风向,微风
2013-10-07,24℃,12℃,多云~多云转阴,无持续风向,微风
2013-10-08,22℃,13℃,晴~晴间多云,无持续风向,微风
2013-10-09,20℃,14℃,阴~多云转阴,无持续风向,微风
2013-10-10,23℃,8℃,多云~晴间多云,北风,5-6级~3-4级
2013-10-11,23℃,10℃,晴~晴间多云,无持续风向,微风
2013-10-12,22℃,14℃,多云~阴转小阵雨,无持续风向,微风
2013-10-13,18℃,12℃,小雨~阴有小雨,无持续风向,微风
2013-10-14,15℃,3℃,阴~多云转晴,北风,4-5级~3-4级
2013-10-15,16℃,2℃,晴,无持续风向,微风
2013-10-16,19℃,5℃,晴~晴间多云,无持续风向,微风
2013-10-17,19℃,7℃,晴~晴转多云,无持续风向,微风
2013-10-18,17℃,9℃,多云~阴有霾转多云,无持续风向~北风,微风~3-4级
2013-10-19,18℃,4℃,多云~晴间多云,北风,3-4级
2013-10-20,19℃,19℃,晴,无持续风向,微风
2013-10-21,18℃,6℃,多云间晴~晴转多云,无持续风向,微风
2013-10-22,16℃,5℃,阴~阴转晴,北风,3-4级
2013-10-23,15℃,4℃,晴~晴间多云,北风,3-4级
2013-10-24,16℃,4℃,晴~晴间多云,北风~无持续风向,3-4级~微风
2013-10-25,18℃,3℃,晴,无持续风向,微风
2013-10-26,19℃,4℃,晴~晴间多云,无持续风向,微风
2013-10-27,18℃,6℃,晴~晴转多云,无持续风向,微风
2013-10-28,16℃,6℃,霾~雾霾转晴,无持续风向,微风
2013-10-29,16℃,1℃,晴,无持续风向,微风
2013-10-30,17℃,3℃,晴~晴间多云,无持续风向,微风
2013-10-31,14℃,4℃,多云~多云转阴有雾霾,无持续风向,微风
2013-11-01,12℃,4℃,霾~阴转多云,无持续风向,微风
2013-11-02,15℃,6℃,霾~多云转晴,无持续风向~北风,微风~3-4级
2013-11-03,17℃,1℃,晴,北风~无持续风向,3-4级~微风
2013-11-04,17℃,4℃,晴~阴,无持续风向,微风
2013-11-05,16℃,4℃,多云,无持续风向,微风
2013-11-06,17℃,2℃,晴~晴间多云,北风,4-5级~3-4级
2013-11-07,16℃,2℃,晴~晴转多云,无持续风向,微风
2013-11-08,13℃,4℃,阴~多云间阴,无持续风向,微风
2013-11-09,16℃,0℃,霾~多云转晴,北风,5-6级
2013-11-10,12℃,-1℃,晴间多云~晴,北风~无持续风向,3-4级~微风
2013-11-11,14℃,1℃,晴,无持续风向,微风
2013-11-12,14℃,0℃,晴~晴转多云,无持续风向,微风
2013-11-13,12℃,3℃,霾~多云转晴,无持续风向~北风,微风~3-4级
2013-11-14,14℃,-1℃,晴,北风~无持续风向,3-4级~微风
2013-11-15,15℃,3℃,晴~晴转阴,无持续风向~北风,微风~4-5级
2013-11-16,12℃,0℃,晴,北风,5-6级~4-5级
2013-11-17,10℃,-1℃,晴,北风~无持续风向,3-4级~微风
2013-11-18,10℃,-3℃,晴,北风~无持续风向,3-4级~微风
2013-11-19,10℃,-4℃,晴~晴间多云,无持续风向,微风
2013-11-20,10℃,-3℃,晴~晴间多云,无持续风向,微风
2013-11-21,11℃,-2℃,晴~晴间多云,无持续风向,微风
2013-11-22,12℃,-2℃,晴~晴间多云,无持续风向,微风
2013-11-23,12℃,1℃,晴~多云转阴有霾,无持续风向,微风
2013-11-24,10℃,-1℃,阴~多云转晴,北风,3-4级
2013-11-25,8℃,-5℃,晴~多云,北风~无持续风向,3-4级~微风
2013-11-26,7℃,-6℃,多云~多云转晴,北风,4-5级
2013-11-27,0℃,-6℃,晴,北风,5-6级~4-5级
2013-11-28,6℃,-5℃,晴~晴间多云,北风~无持续风向,4-5级~微风
2013-11-29,11℃,-1℃,晴~晴间多云,无持续风向,微风
2013-11-30,11℃,-4℃,晴,北风~无持续风向,3-4级~微风
2013-12-01,11℃,-4℃,晴~晴间多云,无持续风向,微风
2013-12-02,11℃,-2℃,多云~多云转晴,无持续风向,微风
2013-12-03,14℃,-2℃,晴~晴间多云,无持续风向,微风
2013-12-04,12℃,-1℃,多云,无持续风向,微风
2013-12-05,13℃,-3℃,晴~晴间多云,无持续风向,微风
2013-12-06,11℃,-3℃,晴~晴间多云,无持续风向,微风
2013-12-07,10℃,-1℃,霾~晴转多云,无持续风向,微风
2013-12-08,10℃,-2℃,霾~晴间多云,北风,4-5级
2013-12-09,7℃,-5℃,晴~晴间多云,北风~无持续风向,3-4级~微风
2013-12-10,7℃,-4℃,多云~晴间多云,北风,4-5级
2013-12-11,5℃,-3℃,晴~晴间多云,无持续风向~北风,微风~3-4级
2013-12-12,3℃,-7℃,晴,北风,4-5级~3-4级
2013-12-13,5℃,-6℃,晴,无持续风向,微风
2013-12-14,5℃,-7℃,晴~晴间多云,无持续风向,微风
2013-12-15,5℃,-6℃,晴~晴转多云,无持续风向,微风
2013-12-16,2℃,-4℃,多云~多云转阴有小雪,无持续风向,微风
2013-12-17,2℃,-7℃,多云~晴间多云,无持续风向,微风
2013-12-18,3℃,-8℃,晴~晴间多云,无持续风向,微风
2013-12-19,2℃,-8℃,晴~晴间多云,无持续风向,微风
2013-12-20,3℃,-10℃,晴~晴间多云,无持续风向,微风
2013-12-21,3℃,-8℃,晴~晴转多云,无持续风向,微风
2013-12-22,3℃,-7℃,晴~晴间多云,无持续风向,微风
2013-12-23,4℃,-7℃,晴~晴间多云,无持续风向,微风
2013-12-24,4℃,-7℃,霾~晴转多云,无持续风向,微风
2013-12-25,6℃,-6℃,霾~晴间多云,北风,4-5级
2013-12-26,2℃,-10℃,晴,北风~无持续风向,3-4级~微风
2013-12-27,1℃,-6℃,多云~多云转晴,无持续风向,微风
2013-12-28,3℃,-7℃,晴,无持续风向,微风
2013-12-29,7℃,-6℃,晴~晴间多云,无持续风向,微风
2013-12-30,8℃,-5℃,晴~晴间多云,无持续风向,微风
2013-12-31,9℃,-4℃,晴~晴间多云,北风~无持续风向,3-4级~微风
2014-01-01,10℃,-5℃,晴,无持续风向,微风
2014-01-02,8℃,-2℃,晴~晴间多云,无持续风向,微风
2014-01-03,10℃,-6℃,晴~晴间多云,北风~无持续风向,3-4级~微风
2014-01-04,4℃,-3℃,多云~多云转晴,无持续风向,微风
2014-01-05,7℃,-4℃,晴~晴转阴,无持续风向,微风
2014-01-06,2℃,-3℃,阴~阴有轻雾,无持续风向,微风
2014-01-07,6℃,-6℃,多云~多云间晴,北风,3-4级
2014-01-08,0℃,-10℃,晴~晴间多云,北风~无持续风向,3-4级~微风
2014-01-09,1℃,-10℃,晴~晴间多云,无持续风向,微风
2014-01-10,4℃,-9℃,晴,无持续风向,微风
2014-01-11,4℃,-5℃,晴~晴间多云,无持续风向~北风,微风~3-4级
2014-01-12,2℃,-10℃,晴,无持续风向,微风
2014-01-13,2℃,-7℃,晴~晴间多云,无持续风向,微风
2014-01-14,4℃,-9℃,晴~晴间多云,无持续风向,微风
2014-01-15,3℃,-5℃,晴~多云转阴,无持续风向,微风
2014-01-16,5℃,-4℃,霾~多云转阴,无持续风向,微风
2014-01-17,4℃,-7℃,多云~晴间多云,北风~无持续风向,3-4级~微风
2014-01-18,6℃,-5℃,晴~晴转多云,无持续风向,微风
2014-01-19,6℃,-4℃,阴~晴间多云,北风,4-5级
2014-01-20,3℃,-5℃,晴,北风,4-5级~3-4级
2014-01-21,5℃,-7℃,晴~晴间多云,无持续风向,微风
2014-01-22,5℃,-4℃,晴~晴转多云,无持续风向,微风
2014-01-23,4℃,-4℃,多云~多云间晴,无持续风向,微风
2014-01-24,8℃,-4℃,多云,无持续风向,微风
2014-01-25,8℃,-5℃,晴~多云间阴,无持续风向,微风
2014-01-26,4℃,-6℃,晴~晴转多云,无持续风向,微风
2014-01-27,10℃,-6℃,晴~晴间多云,北风~无持续风向,3-4级~微风
2014-01-28,6℃,-5℃,晴~晴转多云,南风~无持续风向,3-4级~微风
2014-01-29,5℃,-2℃,多云~多云转晴,无持续风向,微风
2014-01-30,8℃,-5℃,晴~晴转多云,无持续风向,微风
2014-01-31,4℃,-2℃,多云~多云转阴有雾,无持续风向,微风
2014-02-01,6℃,-1℃,阴~阴转多云有雾,无持续风向,微风
2014-02-02,10℃,-4℃,晴~晴转多云,北风,4-5级
2014-02-03,2℃,-8℃,晴,北风,4-5级~3-4级
2014-02-04,2℃,-8℃,晴~多云转晴,无持续风向,微风
2014-02-05,1℃,-5℃,晴~多云转阴,无持续风向,微风
2014-02-06,0℃,-4℃,阴~小到中雪,无持续风向,微风
2014-02-07,-2℃,-5℃,小雪~零星小雪转多云,无持续风向,微风
2014-02-08,1℃,-9℃,晴,北风,3-4级
2014-02-09,-2℃,-11℃,晴,无持续风向,微风
2014-02-10,0℃,-10℃,晴~晴间多云,无持续风向,微风
2014-02-11,0℃,-9℃,晴~晴间多云,无持续风向,微风
2014-02-12,3℃,-8℃,晴~晴转多云,无持续风向,微风
2014-02-13,0℃,-6℃,小雪~阴转多云有轻雾,无持续风向,微风
2014-02-14,3℃,-5℃,霾~晴转多云,无持续风向,微风
2014-02-15,3℃,-5℃,霾~多云,无持续风向,微风
2014-02-16,5℃,-4℃,霾~多云间阴,无持续风向,微风
2014-02-17,5℃,-4℃,多云~多云转阴,无持续风向,微风
2014-02-18,2℃,-4℃,阴,无持续风向,微风
2014-02-19,5℃,-5℃,晴~晴间多云,无持续风向,微风
2014-02-20,4℃,-4℃,霾~多云,无持续风向,微风
2014-02-21,3℃,-2℃,霾~多云,无持续风向,微风
2014-02-22,6℃,0℃,霾~多云间阴,无持续风向,微风
2014-02-23,4℃,-1℃,霾~阴,无持续风向,微风
2014-02-24,8℃,1℃,霾~多云间阴,无持续风向,微风
2014-02-25,9℃,2℃,霾~多云间阴,无持续风向,微风
2014-02-26,9℃,2℃,小雨~阴转晴,无持续风向~北风,微风~3-4级
2014-02-27,9℃,-4℃,晴~晴转多云,北风~无持续风向,3-4级~微风
2014-02-28,5℃,-3℃,阴~多云转晴,无持续风向,微风
2014-03-01,10℃,-3℃,晴~晴间多云,无持续风向,微风
2014-03-02,10℃,-3℃,晴~晴转多云,无持续风向,微风
2014-03-03,7℃,1℃,霾~阴有轻雾转多云,无持续风向,微风
2014-03-04,9℃,-4℃,晴,北风~无持续风向,4-5级~微风
2014-03-05,9℃,-3℃,晴,无持续风向,微风
2014-03-06,8℃,-4℃,晴~晴间多云,无持续风向,微风
2014-03-07,9℃,-1℃,多云,无持续风向,微风
2014-03-09,10℃,-3℃,晴~晴间多云,无持续风向,微风
2014-03-10,11℃,2℃,晴~晴转多云,无持续风向,微风
2014-03-11,12℃,3℃,霾~阴有零星小雨转晴,无持续风向~北风,微风~3-4级
2014-03-12,10℃,-2℃,晴~晴间多云,北风~无持续风向,3-4级~微风
2014-03-13,13℃,3℃,多云~多云转晴,无持续风向,微风
2014-03-14,16℃,2℃,晴,无持续风向,微风
2014-03-15,20℃,4℃,晴~晴间多云,无持续风向,微风
2014-03-16,17℃,5℃,晴~多云,无持续风向~北风,微风~3-4级
2014-03-17,19℃,4℃,浮尘~晴间多云,北风,4-5级
2014-03-18,17℃,6℃,多云~多云转阴,无持续风向,微风
2014-03-19,12℃,5℃,阴~晴,北风,3-4级~5-6级
2014-03-20,17℃,3℃,晴,北风~无持续风向,3-4级~微风
2014-03-21,21℃,5℃,晴~晴间多云,无持续风向,微风
2014-03-22,23℃,6℃,晴~晴间多云,北风~无持续风向,3-4级~微风
2014-03-23,21℃,5℃,晴转多云,无持续风向,微风
2014-03-24,22℃,8℃,霾~晴间多云,无持续风向,微风
2014-03-25,23℃,9℃,霾~晴间多云,无持续风向,微风
2014-03-26,22℃,10℃,霾~晴间多云,无持续风向,微风
2014-03-27,24℃,13℃,霾~阴转阵雨,无持续风向,微风
2014-03-28,21℃,11℃,霾~多云间晴,无持续风向,微风
2014-03-29,22℃,8℃,晴~晴间多云,无持续风向,微风
2014-03-30,24℃,10℃,晴~晴转阴,无持续风向,微风
2014-03-31,21℃,8℃,小雨~多云间晴,无持续风向,微风
2014-04-01,23℃,11℃,霾~多云,无持续风向,微风
2014-04-02,23℃,10℃,阴~阴转晴,无持续风向~北风,微风~3-4级
2014-04-03,21℃,6℃,晴~晴间多云,北风~无持续风向,4-5级~微风
2014-04-04,24℃,8℃,晴,北风~无持续风向,4-5级~微风
2014-04-05,21℃,5℃,晴~晴间多云,无持续风向,微风
2014-04-06,26℃,8℃,晴~晴间多云,南风~无持续风向,3-4级~微风
2014-04-07,26℃,8℃,晴~晴间多云,无持续风向,微风
2014-04-08,25℃,12℃,霾~晴转多云有轻度霾,无持续风向,微风
2014-04-09,29℃,11℃,晴~晴间多云,北风~东北风,4-5级~3-4级
2014-04-10,18℃,10℃,浮尘~阴,无持续风向,微风
2014-04-11,18℃,11℃,阴~多云间阴,无持续风向,微风
2014-04-12,23℃,8℃,多云~多云转晴,无持续风向,微风
2014-04-13,23℃,11℃,晴~晴间多云,无持续风向,微风
2014-04-14,25℃,15℃,霾~霾转轻雾,南风~无持续风向,3-4级~微风
2014-04-15,24℃,11℃,阴~阴转多云,南风~无持续风向,3-4级~微风
2014-04-16,21℃,12℃,多云~多云转阴有小雨,无持续风向,微风
2014-04-17,17℃,11℃,阴~多云,无持续风向,微风
2014-04-18,20℃,11℃,多云~多云转阴有轻雾,无持续风向,微风
2014-04-19,17℃,7℃,小雨~晴间多云,无持续风向,微风
2014-04-20,22℃,10℃,多云~多云转晴,无持续风向,微风
2014-04-21,26℃,9℃,晴~晴间多云,无持续风向,微风
2014-04-22,27℃,11℃,晴~晴间多云,无持续风向,微风
2014-04-23,27℃,16℃,多云~多云转晴,南风~无持续风向,3-4级~微风
2014-04-24,23℃,16℃,多云~多云间阴,无持续风向,微风
2014-04-25,25℃,11℃,雷雨~阴有阵雨转晴,无持续风向,微风
2014-04-26,23℃,9℃,晴~晴间多云,无持续风向,微风
2014-04-27,25℃,11℃,晴~多云间晴,无持续风向,微风
2014-04-28,25℃,10℃,晴~晴间多云,无持续风向,微风
2014-04-29,28℃,13℃,晴~晴间多云,无持续风向,微风
2014-04-30,30℃,15℃,晴~晴间多云,无持续风向,微风
2014-05-01,27℃,13℃,雷雨~阴有阵雨转晴,北风,4-5级
2014-05-02,23℃,12℃,多云~阴转晴,北风~无持续风向,5-6级~微风
2014-05-03,24℃,9℃,雷雨~多云间晴有扬沙,北风,5-6级
2014-05-04,19℃,7℃,晴~晴间多云,北风~无持续风向,4-5级~微风
2014-05-05,22℃,7℃,多云~多云转晴,北风~无持续风向,3-4级~微风
2014-05-06,21℃,9℃,雷雨~阴有雷阵雨转晴,无持续风向,微风
2014-05-07,25℃,11℃,晴~晴间多云,北风~无持续风向,3-4级~微风
2014-05-08,23℃,14℃,多云~多云转阴,无持续风向,微风
2014-05-09,20℃,15℃,阴~阴天间多云,无持续风向,微风
2014-05-10,20℃,10℃,阵雨~阴有小到中雨,无持续风向,微风
2014-05-11,15℃,8℃,小雨~阴转晴,无持续风向,微风
2014-05-12,30℃,16℃,晴~晴转多云,无持续风向,微风
2014-05-13,30℃,16℃,多云~晴间多云,北风,3-4级
2014-05-14,24℃,9℃,多云~多云转晴,北风~无持续风向,4-5级~微风
2014-05-15,28℃,15℃,阴~多云转晴,无持续风向,微风
2014-05-16,28℃,14℃,晴~晴间多云,无持续风向,微风
2014-05-17,28℃,16℃,雷雨~多云转晴,无持续风向,微风
2014-05-18,30℃,18℃,晴~多云转阴有雷阵雨,无持续风向,微风
2014-05-19,31℃,17℃,多云~晴间多云,北风~无持续风向,3-4级~微风
2014-05-20,31℃,17℃,多云~晴间多云,无持续风向,微风
2014-05-21,32℃,18℃,晴~晴间多云,无持续风向,微风
2014-05-22,35℃,22℃,晴~晴间多云,南风~无持续风向,3-4级~微风
2014-05-23,33℃,19℃,多云~阴有雷阵雨,南风~无持续风向,3-4级~微风
2014-05-24,25℃,18℃,小雨~阴转多云,无持续风向,微风
2014-05-25,30℃,16℃,浮尘~晴间多云,北风,4-5级~3-4级
2014-05-26,35℃,18℃,晴~晴转多云,无持续风向,微风
2014-05-27,33℃,18℃,浮尘~晴间多云,北风,5-6级~4-5级
2014-05-28,37℃,22℃,晴~多云间晴,无持续风向,微风
2014-05-29,38℃,21℃,晴~多云转晴,无持续风向,微风
2014-05-30,37℃,22℃,晴~晴转多云,无持续风向,微风
2014-05-31,34℃,23℃,多云~阴有阵雨,无持续风向,微风
2014-06-01,28℃,19℃,阴~阴天间多云,无持续风向,微风
2014-06-02,27℃,17℃,阴~多云转晴,无持续风向,微风
2014-06-03,32℃,19℃,晴~晴转多云,无持续风向,微风
2014-06-04,32℃,20℃,雷雨~阴转晴,无持续风向,微风
2014-06-05,33℃,22℃,雷雨~多云转阴,无持续风向,微风
2014-06-06,27℃,17℃,中到大雨~阴转晴,无持续风向,微风
2014-06-07,32℃,17℃,晴~晴转多云,北风~无持续风向,3-4级~微风
2014-06-08,31℃,17℃,雷雨~阴转多云,北风~无持续风向,4-5级~微风
2014-06-09,30℃,16℃,雷雨~多云间晴,无持续风向,微风
2014-06-10,29℃,17℃,雷雨~阴有雷阵雨转多云,无持续风向,微风
2014-06-11,30℃,18℃,多云~晴间多云,无持续风向,微风
2014-06-12,34℃,21℃,晴~晴转多云,无持续风向,微风
2014-06-13,32℃,20℃,雷雨~阴转多云,无持续风向,微风
2014-06-14,32℃,22℃,多云,无持续风向,微风
2014-06-15,34℃,22℃,雷雨~雷阵雨转阴,无持续风向,微风
2014-06-16,30℃,21℃,中雨~阴有雷阵雨转多云,无持续风向,微风
2014-06-17,28℃,20℃,雷雨~阴有雷阵雨转多云,无持续风向,微风
2014-06-18,31℃,19℃,雷雨~阴转晴,无持续风向,微风
2014-06-19,29℃,19℃,雷雨~阴有雷阵雨,无持续风向,微风
2014-06-20,28℃,18℃,多云~多云间阴,无持续风向,微风
2014-06-21,27℃,18℃,雷雨~雷阵雨转阴,无持续风向,微风
2014-06-22,29℃,18℃,雷雨~多云转晴,无持续风向,微风
2014-06-23,32℃,19℃,晴~晴间多云,无持续风向,微风
2014-06-24,32℃,22℃,多云~多云转阴有雷阵雨,无持续风向,微风
2014-06-25,28℃,21℃,雷雨~阴有雷阵雨转多云,无持续风向,微风
2014-06-26,32℃,23℃,多云~多云转晴,无持续风向,微风
2014-06-27,35℃,21℃,晴~晴间多云,无持续风向,微风
2014-06-28,37℃,21℃,晴~晴间多云,无持续风向,微风
2014-06-29,35℃,22℃,多云,无持续风向,微风
2014-06-30,33℃,23℃,多云~多云转阴,无持续风向,微风
2014-07-01,32℃,21℃,中到大雨~阴有中雨,无持续风向,微风
2014-07-02,27℃,22℃,阵雨~阴转多云,无持续风向,微风
2014-07-03,29℃,22℃,雷雨~傍晚-夜间阴有雷阵雨转多云,无持续风向,微风
2014-07-04,31℃,23℃,多云~多云间阴有轻雾,无持续风向,微风
2014-07-05,33℃,23℃,霾~多云转阴,无持续风向,微风
2014-07-06,31℃,24℃,霾~多云,无持续风向,微风
2014-07-07,33℃,24℃,霾~阴有轻雾,无持续风向,微风
2014-07-08,35℃,23℃,晴~多云,无持续风向,微风
2014-07-09,33℃,22℃,多云~多云转晴,无持续风向,微风
2014-07-10,37℃,23℃,晴~多云转晴,无持续风向,微风
2014-07-11,36℃,22℃,晴~多云,无持续风向,微风
2014-07-12,34℃,22℃,晴~晴间多云,无持续风向,微风
2014-07-13,36℃,21℃,多云~多云转晴,无持续风向,微风
2014-07-14,36℃,22℃,雷雨~多云转晴,无持续风向,微风
2014-07-15,35℃,23℃,雷雨~多云,无持续风向,微风
2014-07-16,31℃,23℃,雷雨~阴有雷阵雨转多云,无持续风向,微风
2014-07-17,31℃,24℃,多云~阴转多云,无持续风向,微风
2014-07-18,35℃,25℃,多云~晴间多云有轻雾,无持续风向,微风
2014-07-19,36℃,26℃,晴~晴转多云,无持续风向,微风
2014-07-20,35℃,26℃,多云~多云转阴,无持续风向,微风
2014-07-21,32℃,26℃,阵雨~阴天间多云,无持续风向,微风
2014-07-22,31℃,24℃,阵雨~阴有阵雨转多云,无持续风向,微风
2014-07-24,30℃,23℃,阵雨~阴转多云,无持续风向,微风
2014-07-25,34℃,22℃,晴~晴间多云,无持续风向,微风
2014-07-26,35℃,25℃,晴,无持续风向,微风
2014-07-27,35℃,24℃,多云~晴,南风~无持续风向,3-4级~微风
2014-07-28,35℃,24℃,多云~晴,南风~无持续风向,3-4级~微风
2014-07-29,33℃,22℃,中雨~雷雨,无持续风向,微风
2014-07-30,29℃,24℃,晴~阴,无持续风向,微风
2014-07-31,32℃,24℃,晴,无持续风向,微风
2014-08-01,32℃,25℃,晴~阴,无持续风向,微风
2014-08-02,33℃,26℃,多云,无持续风向,微风
2014-08-03,32℃,24℃,雷雨~阴,无持续风向,微风
2014-08-04,29℃,21℃,多云~阵雨,无持续风向,微风
2014-08-05,31℃,21℃,晴~多云,无持续风向,微风
2014-08-06,34℃,21℃,晴~多云,无持续风向,微风
2014-08-07,32℃,21℃,多云~晴,无持续风向,微风
2014-08-08,31℃,21℃,多云~晴,无持续风向,微风
2014-08-09,31℃,21℃,雷雨~阴,无持续风向,微风
2014-08-10,32℃,22℃,晴,无持续风向,微风
2014-08-11,33℃,21℃,晴,无持续风向,微风
2014-08-12,32℃,19℃,雷雨,无持续风向,微风
2014-08-13,24℃,18℃,多云,无持续风向,微风
2014-08-14,31℃,20℃,雷雨,无持续风向,微风
2014-08-15,32℃,20℃,晴,无持续风向,微风
2014-08-16,32℃,22℃,多云,无持续风向,微风
2014-08-17,30℃,21℃,阴,无持续风向,微风
2014-08-18,30℃,21℃,晴,无持续风向,微风
2014-08-19,32℃,22℃,晴,无持续风向,微风
2014-08-20,34℃,23℃,多云,无持续风向,微风
2014-08-21,32℃,23℃,多云,无持续风向,微风
2014-08-22,30℃,22℃,雷雨,无持续风向,微风
2014-08-23,31℃,22℃,阴,无持续风向,微风
2014-08-24,31℃,19℃,晴,无持续风向,微风
2014-08-25,32℃,19℃,晴,无持续风向,微风
2014-08-26,33℃,19℃,多云~晴,无持续风向,微风
2014-08-27,34℃,20℃,晴~多云,无持续风向,微风
2014-08-28,27℃,19℃,阵雨~中雨,无持续风向,微风
2014-08-29,27℃,19℃,多云,无持续风向,微风
2014-08-30,27℃,19℃,阵雨~中雨,无持续风向,微风
2014-08-31,26℃,20℃,阴~多云,无持续风向,微风
2014-09-01,25℃,19℃,雷雨~暴雨,无持续风向,微风
2014-09-02,23℃,18℃,小到中雨~阵雨,无持续风向,微风
2014-09-03,29℃,18℃,晴,无持续风向,微风
2014-09-04,33℃,17℃,晴,无持续风向,微风
2014-09-05,30℃,19℃,晴,无持续风向,微风
2014-09-06,28℃,21℃,多云~阵雨,无持续风向,微风
2014-09-07,29℃,20℃,阴~多云,无持续风向~北风,微风~3-4级
2014-09-08,30℃,17℃,晴~多云,北风~无持续风向,3-4级~微风
2014-09-09,29℃,16℃,晴,无持续风向,微风
2014-09-10,28℃,18℃,晴~阴,无持续风向,微风
2014-09-11,27℃,18℃,阵雨,无持续风向,微风
2014-09-12,26℃,17℃,阴~多云,无持续风向,微风
2014-09-13,26℃,19℃,多云~阴,无持续风向,微风
2014-09-14,25℃,15℃,阴~多云,北风~无持续风向,3-4级~微风
2014-09-15,27℃,13℃,晴,无持续风向,微风
2014-09-16,25℃,14℃,多云~阴,无持续风向,微风
2014-09-17,23℃,12℃,多云~晴,无持续风向,微风
2014-09-18,26℃,14℃,晴~多云,无持续风向,微风
2014-09-19,25℃,16℃,阴~雷雨,无持续风向,微风
2014-09-20,27℃,16℃,多云~晴,无持续风向,微风
2014-09-21,24℃,17℃,多云~雾,无持续风向,微风
2014-09-22,23℃,17℃,阵雨~中雨,无持续风向,微风
2014-09-23,20℃,16℃,小到中雨~小雨,无持续风向,微风
2014-09-24,24℃,14℃,晴,无持续风向,微风
2014-09-25,23℃,16℃,多云~阴,无持续风向,微风
2014-09-26,22℃,15℃,阵雨~多云,无持续风向,微风
2014-09-27,24℃,15℃,晴,无持续风向,微风
2014-09-28,23℃,16℃,多云~阴,无持续风向,微风
2014-09-29,23℃,10℃,多云~晴,北风,4-5级~3-4级
2014-09-30,17℃,11℃,阴,无持续风向,微风
2014-10-01,16℃,10℃,阵雨~小雨,无持续风向,微风
2014-10-02,20℃,11℃,晴~雾,无持续风向,微风
2014-10-03,17℃,12℃,阵雨~小雨,无持续风向,微风
2014-10-04,16℃,12℃,阵雨~阴,无持续风向,微风
2014-10-05,21℃,8℃,晴,北风~无持续风向,3-4级~微风
2014-10-06,20℃,9℃,晴,无持续风向,微风
2014-10-07,22℃,11℃,晴,无持续风向,微风
2014-10-08,22℃,13℃,霾,无持续风向,微风
2014-10-09,22℃,14℃,霾,无持续风向,微风
2014-10-10,22℃,13℃,霾,无持续风向,微风
2014-10-11,21℃,14℃,阵雨,北风,3-4级~4-5级
2014-10-12,17℃,6℃,阴,北风~无持续风向,4-5级~微风
2014-10-13,18℃,4℃,晴,无持续风向,微风
2014-10-14,20℃,7℃,晴~多云,无持续风向,微风
2014-10-15,23℃,6℃,晴,北风,5-6级~3-4级
2014-10-16,22℃,7℃,晴,南风~无持续风向,3-4级~微风
2014-10-17,22℃,8℃,晴~霾,无持续风向,微风
2014-10-18,24℃,11℃,霾,无持续风向,微风
2014-10-19,21℃,10℃,霾,无持续风向,微风
2014-10-20,21℃,9℃,霾~雾,无持续风向,微风
2014-10-21,17℃,7℃,阴~晴,无持续风向,微风
2014-10-22,16℃,8℃,阴~多云,无持续风向,微风
2014-10-23,17℃,12℃,霾,无持续风向,微风
2014-10-24,19℃,11℃,霾~雾,无持续风向,微风
2014-10-25,19℃,12℃,霾~雾,无持续风向~北风,微风~3-4级
2014-10-26,19℃,4℃,晴,北风,4-5级~3-4级
2014-10-27,15℃,3℃,晴,无持续风向,微风
2014-10-28,16℃,6℃,多云,无持续风向,微风
2014-10-29,16℃,9℃,多云~阴,无持续风向,微风
2014-10-30,15℃,10℃,小雨~雾,无持续风向,微风
2014-10-31,15℃,9℃,小雨~雾,无持续风向,微风
2014-11-01,16℃,6℃,多云,北风,3-4级~4-5级
2014-11-02,15℃,2℃,晴,北风~无持续风向,3-4级~微风
2014-11-03,18℃,3℃,晴,无持续风向,微风
2014-11-04,16℃,5℃,晴,无持续风向,微风
2014-11-05,19℃,6℃,晴,北风,3-4级
2014-11-06,12℃,2℃,多云,北风~无持续风向,3-4级~微风
2014-11-07,10℃,2℃,阴,无持续风向,微风
2014-11-08,12℃,0℃,晴,无持续风向,微风
2014-11-09,15℃,1℃,晴,无持续风向,微风
2014-11-10,15℃,3℃,多云~阴,无持续风向~北风,微风~3-4级
2014-11-11,13℃,2℃,阴~晴,北风,4-5级
2014-11-12,9℃,-1℃,晴,北风~无持续风向,5-6级~微风
2014-11-13,11℃,-2℃,晴,无持续风向,微风
2014-11-14,13℃,0℃,晴~多云,无持续风向,微风
2014-11-15,9℃,1℃,阴~小雨,无持续风向,微风
2014-11-16,11℃,0℃,晴,北风~无持续风向,3-4级~微风
2014-11-17,12℃,-2℃,晴,无持续风向,微风
2014-11-18,13℃,0℃,晴~多云,无持续风向,微风
2014-11-19,9℃,0℃,霾~雾,无持续风向,微风
2014-11-20,10℃,8℃,霾,无持续风向,微风
2014-11-21,12℃,0℃,霾~晴,无持续风向,微风
2014-11-22,12℃,0℃,晴~阴,无持续风向,微风
2014-11-23,9℃,0℃,阴~晴,无持续风向,微风
2014-11-24,11℃,7℃,晴~多云,无持续风向,微风
2014-11-25,9℃,7℃,霾~雾,无持续风向,微风
2014-11-26,8℃,7℃,霾,无持续风向,微风
2014-11-27,8℃,-1℃,阴,无持续风向,微风
2014-11-28,10℃,-1℃,晴~多云,无持续风向,微风
2014-11-29,5℃,3℃,霾~雾,无持续风向,微风
2014-11-30,7℃,1℃,多云~晴,北风,5-6级
2014-12-01,-1℃,-7℃,晴,北风~无持续风向,5-6级~微风
2014-12-02,5℃,-1℃,晴~雨夹雪,东南风,3级
2014-12-03,1℃,-7℃,晴,北风,5-6级~微风
2014-12-04,3℃,-8℃,晴,北风,5-6级~4-5级
2014-12-05,4℃,-6℃,晴,北风~无持续风向,3-4级~微风
2014-12-06,4℃,-4℃,晴~阴,无持续风向,微风
2014-12-07,5℃,-7℃,晴,北风,4-5级~3-4级
2014-12-08,5℃,-6℃,晴,无持续风向,微风
2014-12-09,2℃,-3℃,霾~小雪,无持续风向,微风
2014-12-10,5℃,-5℃,晴,北风,5-6级~3-4级
2014-12-11,4℃,-4℃,晴,北风,3-4级~4-5级
2014-12-12,3℃,-8℃,晴,北风~无持续风向,4-5级~微风
2014-12-13,5℃,-7℃,晴,无持续风向,微风
2014-12-14,5℃,-4℃,晴~多云,无持续风向~北风,微风~3-4级
2014-12-15,3℃,-6℃,晴,北风,5-6级
2014-12-16,1℃,-6℃,晴,北风,5-6级~3-4级
2014-12-17,5℃,-7℃,晴,无持续风向,微风
2014-12-18,5℃,-4℃,雾,无持续风向~北风,微风~3-4级
2014-12-19,6℃,-5℃,晴,北风,4-5级
2014-12-20,3℃,-6℃,多云~晴,北风,3-4级
2014-12-21,3℃,-6℃,多云~晴,北风~无持续风向,3-4级~微风
2014-12-22,8℃,-5℃,雾~多云,无持续风向,微风
2014-12-23,8℃,-1℃,晴,北风,3-4级
2014-12-24,6℃,-5℃,晴,北风~无持续风向,3-4级~微风
2014-12-25,7℃,-6℃,晴,无持续风向,微风
2014-12-26,4℃,-4℃,雾,无持续风向,微风
2014-12-27,6℃,-5℃,霾,无持续风向,微风
2014-12-28,8℃,-5℃,晴,无持续风向,微风
2014-12-29,11℃,-2℃,晴,无持续风向,微风
2014-12-30,7℃,-5℃,多云~晴,北风,3-4级~5-6级
2014-12-31,0℃,-8℃,晴,北风,5-6级~3-4级
2015-01-01,4℃,-6℃,晴,无持续风向,微风
2015-01-02,8℃,-4℃,晴~多云,无持续风向,微风
2015-01-03,7℃,-4℃,霾,无持续风向,微风
2015-01-04,6℃,-1℃,霾,无持续风向,微风
2015-01-05,10℃,-4℃,多云~晴,北风,4-5级
2015-01-06,6℃,-6℃,晴,无持续风向,微风
2015-01-07,4℃,-6℃,晴~多云,无持续风向,微风
2015-01-08,5℃,-3℃,晴,无持续风向,微风
2015-01-09,7℃,-5℃,晴,北风~无持续风向,3-4级~微风
2015-01-10,9℃,-3℃,晴,无持续风向~北风,微风~3-4级
2015-01-11,7℃,-6℃,晴~多云,无持续风向,微风
2015-01-12,4℃,-4℃,霾,无持续风向,微风
2015-01-13,4℃,-4℃,霾,无持续风向,微风
2015-01-14,2℃,-5℃,小雪~霾,无持续风向,微风
2015-01-15,2℃,-3℃,霾,无持续风向~北风,微风~3-4级
2015-01-16,4℃,-7℃,晴,北风,5-6级~3-4级
2015-01-17,4℃,-5℃,晴~阴,无持续风向,微风
2015-01-18,7℃,-6℃,多云~晴,北风,5-6级~3-4级
2015-01-19,7℃,-5℃,晴~多云,无持续风向,微风
2015-01-20,5℃,-2℃,晴~多云,无持续风向~北风,微风~3-4级
2015-01-21,5℃,-6℃,晴,北风~无持续风向,3-4级~微风
2015-01-22,6℃,-6℃,晴,无持续风向,微风
2015-01-23,7℃,-3℃,霾~晴,无持续风向,微风
2015-01-24,3℃,-5℃,阴,无持续风向,微风
2015-01-25,4℃,-4℃,霾~阴,无持续风向,微风
2015-01-26,5℃,-7℃,阴~多云,北风,4-5级~3-4级
2015-01-27,2℃,-7℃,晴,无持续风向,微风
2015-01-28,1℃,-5℃,多云~阴,无持续风向,微风
2015-01-29,5℃,-6℃,晴,北风,3-4级
2015-01-30,3℃,-8℃,晴,北风~无持续风向,3-4级~微风
2015-01-31,4℃,-6℃,晴~多云,无持续风向,微风
2015-02-01,2℃,-6℃,多云,无持续风向,微风
2015-02-02,3℃,-5℃,霾,无持续风向,微风
2015-02-03,8℃,-2℃,霾~晴,北风,4-5级
2015-02-04,6℃,-3℃,多云~晴,北风,4-5级
2015-02-05,8℃,-4℃,晴,无持续风向,微风
2015-02-06,9℃,-1℃,多云~阴,无持续风向~北风,微风~3-4级
2015-02-07,4℃,-7℃,多云~晴,北风,5-6级~4-5级
2015-02-08,3℃,-6℃,晴,无持续风向,微风
2015-02-09,7℃,-4℃,晴,无持续风向,微风
2015-02-10,10℃,3℃,晴~多云,北风,3级
2015-02-11,10℃,-4℃,晴,无持续风向,微风
2015-02-12,8℃,-5℃,多云~晴,无持续风向,微风
2015-02-13,10℃,-3℃,晴,无持续风向,微风
2015-02-14,11℃,0℃,霾~多云,无持续风向,微风
2015-02-15,8℃,-2℃,霾,无持续风向,微风
2015-02-16,12℃,0℃,晴,北风,4-5级~3-4级
2015-02-17,12℃,-2℃,晴,北风~无持续风向,3-4级~微风
2015-02-18,10℃,-2℃,晴~霾,无持续风向,微风
2015-02-19,8℃,-1℃,霾~阴,无持续风向,微风
2015-02-20,2℃,-1℃,小到中雪,无持续风向,微风
2015-02-21,8℃,-3℃,雾~晴,北风,5-6级
2015-02-22,5℃,-5℃,晴,北风~无持续风向,4-5级~微风
2015-02-23,6℃,-6℃,晴,无持续风向,微风
2015-02-24,5℃,-1℃,霾~小雪,无持续风向~北风,微风~4-5级
2015-02-25,6℃,-4℃,晴,北风,4-5级~3-4级
2015-02-26,5℃,-5℃,晴,北风~无持续风向,3-4级~微风
2015-02-27,3℃,-2℃,阴~小雪,无持续风向,微风
2015-02-28,3℃,-2℃,小雪~晴,无持续风向~北风,微风~3-4级
2015-03-01,11℃,-3℃,晴~多云,南风~无持续风向,3-4级~微风
2015-03-02,12℃,-1℃,多云~晴,北风,5-6级
2015-03-03,4℃,-4℃,晴,北风,5-6级~3-4级
2015-03-04,6℃,-5℃,晴,无持续风向,微风
2015-03-05,8℃,-3℃,晴~多云,无持续风向,微风
2015-03-06,10℃,-2℃,晴~霾,南风~无持续风向,3-4级~微风
2015-03-07,11℃,1℃,霾,无持续风向,微风
2015-03-08,13℃,-2℃,多云~晴,北风,4-5级~5-6级
2015-03-09,5℃,-5℃,晴,北风~无持续风向,4-5级~微风
2015-03-10,9℃,-3℃,晴,无持续风向,微风
2015-03-11,11℃,-4℃,晴~多云,北风~无持续风向,3-4级~微风
2015-03-12,12℃,-2℃,多云~晴,无持续风向,微风
2015-03-13,13℃,0℃,晴~多云,无持续风向,微风
2015-03-14,11℃,2℃,阴~晴,无持续风向,微风
2015-03-15,17℃,4℃,霾~阴,南风~无持续风向,3-4级~微风
2015-03-16,17℃,6℃,霾~晴,无持续风向,微风
2015-03-17,15℃,3℃,晴~多云,无持续风向,微风
2015-03-18,15℃,5℃,多云,无持续风向,微风
2015-03-19,19℃,5℃,多云~晴,无持续风向,微风
2015-03-20,20℃,6℃,晴,南风~北风,3-4级
2015-03-21,19℃,5℃,晴~多云,北风,4-5级~3-4级
2015-03-22,13℃,1℃,多云~晴,北风~无持续风向,3-4级~微风
2015-03-23,17℃,3℃,晴,无持续风向,微风
2015-03-24,18℃,3℃,晴,无持续风向,微风
2015-03-25,18℃,6℃,晴,南风~无持续风向,3-4级~微风
2015-03-26,20℃,8℃,晴~多云,南风~无持续风向,3-4级~微风
2015-03-27,21℃,9℃,多云,南风,3-4级
2015-03-28,23℃,8℃,扬沙~晴,北风,4-5级~3-4级
2015-03-29,23℃,11℃,浮尘~多云,南风~无持续风向,3-4级~微风
2015-03-30,22℃,11℃,霾~小雨,无持续风向,微风
2015-03-31,15℃,5℃,小雨~多云,东风~无持续风向,3-4级~微风
2015-04-01,14℃,2℃,小雨~小到中雨,无持续风向,微风
2015-04-02,13℃,6℃,小雨~晴,无持续风向,微风
2015-04-03,17℃,5℃,晴~多云,无持续风向,微风
2015-04-04,16℃,8℃,多云~阴,无持续风向~北风,微风~3-4级
2015-04-05,17℃,4℃,多云~晴,北风,4-5级
2015-04-06,12℃,2℃,多云~晴,北风~无持续风向,3-4级~微风
2015-04-07,14℃,4℃,晴~多云,无持续风向,微风
2015-04-08,14℃,5℃,多云~阴,南风~无持续风向,3-4级~微风
2015-04-09,17℃,5℃,霾,无持续风向,微风
2015-04-10,20℃,7℃,霾~阴,无持续风向,微风
2015-04-11,19℃,5℃,阵雨~小到中雨,无持续风向~北风,微风~3-4级
2015-04-12,11℃,6℃,阴,北风,4-5级
2015-04-13,18℃,5℃,晴,北风~无持续风向,3-4级~微风
2015-04-14,25℃,8℃,晴~多云,无持续风向,微风
2015-04-15,26℃,12℃,雷雨~多云,北风,6-7级
2015-04-16,21℃,8℃,晴,北风~无持续风向,3-4级~微风
2015-04-17,25℃,11℃,多云,无持续风向,微风
2015-04-18,21℃,11℃,小雨,无持续风向~北风,微风~3-4级
2015-04-19,21℃,6℃,多云~晴,北风~无持续风向,3-4级~微风
2015-04-20,23℃,10℃,晴,无持续风向,微风
2015-04-21,27℃,9℃,多云~晴,北风,4-5级~3-4级
2015-04-22,27℃,14℃,晴~多云,南风,3-4级
2015-04-23,28℃,10℃,多云~晴,北风~无持续风向,3-4级~微风
2015-04-24,28℃,11℃,晴,南风,3-4级
2015-04-25,32℃,15℃,晴,南风,3-4级
2015-04-26,32℃,17℃,晴~多云,南风,3-4级
2015-04-27,30℃,15℃,雷雨~阵雨,无持续风向,微风
2015-04-28,25℃,14℃,阵雨~多云,无持续风向,微风
2015-04-29,27℃,15℃,晴,无持续风向,微风
2015-04-30,30℃,16℃,霾~阴,南风~无持续风向,3-4级~微风
2015-05-01,26℃,14℃,小到中雨~小雨,北风,3-4级
2015-05-02,26℃,15℃,晴~多云,无持续风向~北风,微风~4-5级
2015-05-03,25℃,10℃,晴,北风,4-5级
2015-05-04,25℃,14℃,晴~多云,南风,3-4级
2015-05-05,27℃,12℃,多云~晴,北风~无持续风向,3-4级~微风
2015-05-06,24℃,10℃,多云~小雨,南风,3-4级
2015-05-07,25℃,14℃,晴~阵雨,无持续风向,微风
2015-05-08,22℃,11℃,多云~阴,无持续风向,微风
2015-05-09,16℃,10℃,阴~小雨,无持续风向,微风
2015-05-10,11℃,10℃,中到大雨~阴,无持续风向,微风
2015-05-11,20℃,11℃,多云,北风,3-4级
2015-05-12,29℃,11℃,晴,北风~无持续风向,4-5级~微风
2015-05-13,30℃,19℃,多云~阴,无持续风向~北风,微风~4-5级
2015-05-14,28℃,15℃,多云~阴,北风~无持续风向,3-4级~微风
2015-05-15,25℃,12℃,多云~晴,无持续风向,微风
2015-05-16,30℃,16℃,晴~多云,南风,3-4级
2015-05-17,30℃,16℃,雷雨,无持续风向~北风,微风~3-4级
2015-05-18,29℃,16℃,晴,北风~无持续风向,4-5级~微风
2015-05-19,28℃,17℃,晴,北风~无持续风向,4-5级~微风
2015-05-20,30℃,15℃,晴,无持续风向,微风
2015-05-21,30℃,16℃,多云~晴,南风,3-4级
2015-05-22,31℃,17℃,晴,无持续风向,微风
2015-05-23,32℃,19℃,晴~多云,无持续风向,微风
2015-05-24,33℃,21℃,阴,南风~无持续风向,3-4级~微风
2015-05-25,35℃,21℃,晴,南风,4-5级~3-4级
2015-05-26,35℃,21℃,晴~多云,南风,3-4级
2015-05-27,32℃,21℃,多云,无持续风向,微风
2015-05-28,31℃,21℃,雷雨,南风~无持续风向,3-4级~微风
2015-05-29,29℃,18℃,多云,无持续风向,微风
2015-05-30,31℃,19℃,阴~晴,南风~无持续风向,3-4级~微风
2015-05-31,35℃,23℃,晴~多云,南风,3-4级
2015-06-02,33℃,17℃,晴,北风~无持续风向,4-5级~微风
2015-06-03,32℃,22℃,多云~阴,无持续风向,微风
2015-06-04,21℃,17℃,雷雨~阴,无持续风向,微风
2015-06-05,32℃,19℃,多云~晴,无持续风向,微风
2015-06-06,32℃,17℃,雷雨~阴,无持续风向,微风
2015-06-07,29℃,16℃,雷雨~晴,无持续风向,微风
2015-06-08,32℃,19℃,晴~多云,无持续风向,微风
2015-06-09,29℃,22℃,阵雨~雷雨,无持续风向,微风
2015-06-10,25℃,19℃,雷雨,无持续风向,微风
2015-06-11,30℃,17℃,多云,北风~无持续风向,3-4级~微风
2015-06-12,30℃,20℃,多云,北风~无持续风向,4-5级~微风
2015-06-13,28℃,15℃,多云,北风~无持续风向,3-4级~微风
2015-06-14,32℃,18℃,晴,无持续风向,微风
2015-06-15,32℃,22℃,多云,无持续风向,微风
2015-06-16,32℃,22℃,雷雨,无持续风向,微风
2015-06-17,32℃,20℃,雷雨~晴,无持续风向,微风
2015-06-18,33℃,19℃,多云~雷雨,北风~无持续风向,3-4级~微风
2015-06-19,26℃,16℃,雷雨~多云,无持续风向,微风
2015-06-20,32℃,19℃,晴,无持续风向,微风
2015-06-21,32℃,20℃,多云,无持续风向,微风
2015-06-22,31℃,22℃,多云~阵雨,无持续风向,微风
2015-06-23,29℃,22℃,雷雨~阴,无持续风向,微风
2015-06-24,29℃,22℃,阵雨,无持续风向,微风
2015-06-25,28℃,21℃,雷雨,无持续风向,微风
2015-06-26,28℃,21℃,雷雨~阴,无持续风向,微风
2015-06-27,31℃,21℃,阴~多云,无持续风向,微风
2015-06-28,30℃,24℃,多云~阴,无持续风向,微风
2015-06-29,28℃,21℃,阵雨,北风~无持续风向,3-4级~微风
2015-06-30,28℃,18℃,阴~晴,无持续风向,微风
2015-07-01,33℃,18℃,晴,北风~无持续风向,3-4级~微风
2015-07-02,34℃,18℃,多云~晴,无持续风向,微风
2015-07-03,34℃,20℃,晴~多云,无持续风向,微风
2015-07-04,27℃,18℃,阵雨~多云,无持续风向,微风
2015-07-05,30℃,21℃,晴,无持续风向,微风
2015-07-06,31℃,22℃,多云,无持续风向,微风
2015-07-07,33℃,22℃,晴~多云,无持续风向,微风
2015-07-08,33℃,22℃,霾~晴,无持续风向,微风
2015-07-09,34℃,23℃,多云~阴,无持续风向,微风
2015-07-10,32℃,24℃,多云~阴,无持续风向,微风
2015-07-11,35℃,24℃,多云~晴,无持续风向,微风
2015-07-12,39℃,25℃,晴,无持续风向,微风
2015-07-13,40℃,25℃,雷雨~晴,无持续风向,微风
2015-07-14,37℃,22℃,阴~雷雨,无持续风向,微风
2015-07-15,30℃,22℃,雷雨,无持续风向,微风
2015-07-16,28℃,21℃,雷阵雨~阵雨,无持续风向,微风
2015-07-17,26℃,21℃,雷阵雨~中雨,无持续风向,微风
2015-07-18,27℃,21℃,雷阵雨,无持续风向,微风
2015-07-19,27℃,21℃,雷阵雨,无持续风向,微风
2015-07-20,28℃,22℃,雷阵雨,无持续风向,微风
2015-07-21,29℃,22℃,雷阵雨,无持续风向,微风
2015-07-22,30℃,21℃,雷阵雨,无持续风向,微风
2015-07-23,30℃,21℃,阴~雷阵雨,无持续风向,微风
2015-07-24,31℃,22℃,雷阵雨~阴,无持续风向,微风
2015-07-25,34℃,23℃,多云,无持续风向,微风
2015-07-26,34℃,24℃,多云,无持续风向,微风
2015-07-27,33℃,23℃,雷阵雨~中雨,无持续风向,微风
2015-07-28,29℃,22℃,雷阵雨~中雨,无持续风向,微风
2015-07-29,32℃,23℃,雷阵雨~大雨,无持续风向,微风
2015-07-30,29℃,23℃,雷阵雨,无持续风向,微风
2015-07-31,30℃,22℃,多云,无持续风向,微风
2015-08-01,32℃,24℃,阴~雷阵雨,无持续风向,微风
2015-08-02,30℃,23℃,多云~阴,无持续风向,微风
2015-08-03,30℃,22℃,阵雨~多云,无持续风向,微风
2015-08-04,33℃,21℃,晴~多云,无持续风向,微风
2015-08-05,32℃,21℃,多云~雷阵雨,无持续风向,微风
2015-08-06,32℃,22℃,多云,无持续风向,微风
2015-08-07,31℃,24℃,多云,无持续风向,微风
2015-08-08,33℃,22℃,多云,无持续风向,微风
2015-08-09,34℃,22℃,晴~多云,无持续风向,微风
2015-08-10,34℃,23℃,晴~多云,无持续风向,微风
2015-08-11,34℃,23℃,多云~晴,无持续风向,微风
2015-08-12,37℃,24℃,晴,无持续风向,微风
2015-08-13,35℃,24℃,多云~雷阵雨,南风~北风,3-4级
2015-08-14,34℃,22℃,多云~晴,无持续风向,微风
2015-08-15,35℃,21℃,晴,无持续风向,微风
2015-08-16,36℃,23℃,晴~阴,无持续风向,微风
2015-08-17,33℃,23℃,雷阵雨,无持续风向,微风
2015-08-18,31℃,20℃,雷阵雨~中雨,无持续风向,微风
2015-08-19,28℃,20℃,雷阵雨~多云,无持续风向,微风
2015-08-20,33℃,21℃,晴~多云,无持续风向,微风
2015-08-21,34℃,20℃,多云,无持续风向,微风
2015-08-22,32℃,20℃,阴~阵雨,无持续风向,微风
2015-08-23,29℃,21℃,雷阵雨~阵雨,无持续风向,微风
2015-08-24,30℃,20℃,多云,无持续风向,微风
2015-08-25,31℃,20℃,多云,无持续风向,微风
2015-08-26,31℃,21℃,多云,无持续风向,微风
2015-08-27,32℃,19℃,多云,无持续风向,微风
2015-08-28,33℃,20℃,阵雨~多云,无持续风向,微风
2015-08-29,31℃,20℃,雷阵雨,无持续风向,微风
2015-08-30,27℃,19℃,雷阵雨~小到中雨,无持续风向,微风
2015-08-31,25℃,19℃,小到中雨~小雨,无持续风向,微风
2015-09-01,25℃,18℃,阵雨~多云,无持续风向,微风
2015-09-02,30℃,17℃,晴,无持续风向,微风
2015-09-03,32℃,20℃,晴~阴,无持续风向,微风
2015-09-04,24℃,19℃,小到中雨~中到大雨,无持续风向,微风
2015-09-05,21℃,18℃,小到中雨~阴,无持续风向,微风
2015-09-06,27℃,15℃,多云~晴,无持续风向,微风
2015-09-07,30℃,17℃,晴~多云,无持续风向,微风
2015-09-08,28℃,18℃,多云~阴,无持续风向,微风
2015-09-09,26℃,18℃,阴,无持续风向,微风
2015-09-10,20℃,15℃,小雨,无持续风向,微风
2015-09-11,23℃,15℃,多云~晴,无持续风向~北风,微风~3-4级
2015-09-12,26℃,12℃,晴,北风~无持续风向,3-4级~微风
2015-09-13,29℃,14℃,晴~多云,无持续风向,微风
2015-09-14,27℃,14℃,晴,无持续风向,微风
2015-09-15,27℃,14℃,晴,无持续风向,微风
2015-09-16,27℃,16℃,霾~多云,无持续风向,微风
2015-09-17,27℃,17℃,霾~阵雨,无持续风向,微风
2015-09-18,29℃,16℃,晴,无持续风向,微风
2015-09-19,29℃,14℃,晴,无持续风向,微风
2015-09-20,28℃,17℃,多云~晴,南风~无持续风向,3-4级~微风
2015-09-21,27℃,19℃,多云~阴,无持续风向,微风
2015-09-22,26℃,15℃,阵雨~多云,南风~无持续风向,3-4级~微风
2015-09-23,28℃,17℃,晴~阴,无持续风向,微风
2015-09-24,24℃,15℃,阴~雷阵雨,无持续风向,微风
2015-09-25,27℃,13℃,晴,北风~无持续风向,3-4级~微风
2015-09-26,27℃,14℃,晴,无持续风向,微风
2015-09-27,29℃,15℃,晴~阴,无持续风向,微风
2015-09-28,19℃,14℃,小雨,无持续风向,微风
2015-09-29,17℃,13℃,小雨~多云,无持续风向,微风
2015-09-30,21℃,14℃,阵雨~小到中雨,无持续风向~北风,微风~3-4级
2015-10-01,22℃,9℃,晴,北风~无持续风向,5-6级~微风
2015-10-02,26℃,11℃,晴,北风~无持续风向,3-4级~微风
2015-10-03,26℃,11℃,晴,无持续风向,微风
2015-10-04,25℃,12℃,晴,无持续风向,微风
2015-10-05,26℃,13℃,晴,无持续风向,微风
2015-10-06,25℃,15℃,霾~雾,无持续风向,微风
2015-10-07,25℃,13℃,霾~晴,无持续风向~北风,微风~4-5级
2015-10-08,19℃,6℃,晴,北风~无持续风向,4-5级~微风
2015-10-09,20℃,7℃,晴,北风,4-5级~3-4级
2015-10-10,17℃,11℃,晴~多云,北风,4-5级~3-4级
2015-10-11,22℃,7℃,晴,北风~无持续风向,4-5级~微风
2015-10-12,25℃,6℃,晴,无持续风向,微风
2015-10-13,26℃,10℃,晴~阴,无持续风向,微风
2015-10-14,23℃,9℃,多云~晴,无持续风向,微风
2015-10-15,26℃,10℃,晴,无持续风向,微风
2015-10-16,25℃,12℃,霾~阴,无持续风向,微风
2015-10-17,23℃,14℃,霾~多云,无持续风向~北风,微风~3-4级
2015-10-18,20℃,9℃,晴~多云,无持续风向,微风
2015-10-19,20℃,11℃,晴~多云,无持续风向,微风
2015-10-20,14℃,9℃,小雨,无持续风向,微风
2015-10-21,12℃,8℃,小雨,无持续风向,微风
2015-10-22,12℃,8℃,小雨~阴,无持续风向,微风
2015-10-23,19℃,9℃,晴~多云,无持续风向,微风
2015-10-24,20℃,6℃,晴,无持续风向,微风
2015-10-25,15℃,8℃,阴~小雨,无持续风向,微风
2015-10-26,15℃,5℃,阴~晴,北风,3-4级
2015-10-27,17℃,3℃,多云~晴,北风~无持续风向,3-4级~微风
2015-10-28,15℃,4℃,晴,无持续风向~北风,微风~3-4级
2015-10-29,13℃,2℃,晴,北风,4-5级~3-4级
2015-10-30,14℃,0℃,晴,无持续风向,微风
2015-10-31,17℃,3℃,晴~多云,无持续风向,微风
2015-11-01,18℃,3℃,晴,无持续风向,微风
2015-11-02,19℃,5℃,晴,无持续风向,微风
2015-11-03,17℃,6℃,霾~多云,南风~无持续风向,3-4级~微风
2015-11-04,16℃,9℃,霾~小雨,无持续风向,微风
2015-11-05,11℃,2℃,小雨~雨夹雪,无持续风向,微风
2015-11-06,3℃,2℃,小雪,无持续风向,微风
2015-11-07,6℃,2℃,阴~小雨,无持续风向,微风
2015-11-08,10℃,1℃,阴~晴,无持续风向,微风
2015-11-09,9℃,3℃,多云~阴,无持续风向,微风
2015-11-10,8℃,4℃,霾~雾,无持续风向,微风
2015-11-11,9℃,6℃,霾~雾,无持续风向,微风
2015-11-12,8℃,6℃,雾~小雨,无持续风向,微风
2015-11-13,9℃,6℃,霾~阴,无持续风向,微风
2015-11-14,11℃,6℃,霾~雾,无持续风向,微风
2015-11-15,13℃,6℃,霾~小雨,无持续风向,微风
2015-11-16,10℃,2℃,多云,无持续风向,微风
2015-11-17,11℃,2℃,阴~雨夹雪,无持续风向,微风
2015-11-18,6℃,3℃,阴,无持续风向,微风
2015-11-19,5℃,1℃,小雨~小雪,无持续风向,微风
2015-11-20,3℃,0℃,小雪~中雪,无持续风向,微风
2015-11-21,1℃,-2℃,雨夹雪~中雪,无持续风向,微风
2015-11-22,-1℃,-3℃,大雪~小雪,无持续风向,微风
2015-11-23,0℃,-6℃,晴~多云,无持续风向,微风
2015-11-24,-2℃,-8℃,小雪~多云,无持续风向,微风
2015-11-25,0℃,-10℃,多云~晴,北风,4-5级~3-4级
2015-11-26,0℃,-7℃,晴~多云,北风~无持续风向,3-4级~微风
2015-11-27,0℃,-5℃,多云~晴,无持续风向,微风
2015-11-28,2℃,-4℃,霾,无持续风向,微风
2015-11-29,5℃,-5℃,霾,无持续风向,微风
2015-11-30,5℃,-3℃,霾~雾,无持续风向,微风
2015-12-01,3℃,-2℃,霾~晴,无持续风向~北风,微风~3-4级
2015-12-02,5℃,-3℃,晴,北风,4-5级~3-4级
2015-12-03,4℃,-4℃,晴,北风,5-6级~3-4级
2015-12-04,7℃,-5℃,晴,北风~无持续风向,3-4级~微风
2015-12-05,8℃,-3℃,晴~多云,无持续风向,微风
2015-12-06,5℃,-2℃,霾~小雪,无持续风向,微风
2015-12-07,6℃,-1℃,霾~雾,无持续风向,微风
2015-12-08,3℃,1℃,霾~雨夹雪,无持续风向,微风
2015-12-09,6℃,0℃,霾~雾,无持续风向,微风
2015-12-10,10℃,-4℃,晴,北风~无持续风向,3-4级~微风
2015-12-11,7℃,-3℃,晴~多云,无持续风向,微风
2015-12-12,5℃,-3℃,晴~多云,无持续风向,微风
2015-12-13,4℃,-2℃,霾~小雪,无持续风向,微风
2015-12-14,7℃,-2℃,雾~晴,北风,3-4级
2015-12-15,5℃,-3℃,晴,北风,4-5级~3-4级
2015-12-16,3℃,-7℃,晴,北风,4-5级~3-4级
2015-12-17,4℃,-6℃,晴,无持续风向,微风
2015-12-18,8℃,-5℃,晴,无持续风向,微风
2015-12-19,4℃,-4℃,霾,无持续风向,微风
2015-12-20,4℃,-5℃,霾~雾,无持续风向,微风
2015-12-21,6℃,-5℃,霾~雾,无持续风向,微风
2015-12-22,4℃,-5℃,霾~雾,无持续风向,微风
2015-12-23,7℃,-5℃,霾~多云,无持续风向,微风
2015-12-24,6℃,-6℃,晴,无持续风向,微风
2015-12-25,8℃,1℃,阴~多云,东北风,3-4级
2015-12-26,3℃,-7℃,霾~晴,无持续风向,微风
2015-12-27,-2℃,-7℃,小雪~晴,无持续风向,微风
2015-12-28,3℃,-5℃,晴~多云,无持续风向,微风
2015-12-29,4℃,-4℃,霾~晴,无持续风向,微风
2015-12-30,7℃,-6℃,晴,北风~无持续风向,3-4级~微风
2015-12-31,5℃,-5℃,晴,无持续风向,微风
2016-01-01,6℃,-4℃,霾,无持续风向,微风,340,严重污染,6
2016-01-02,6℃,-4℃,霾~雾,无持续风向,微风,500,严重污染,6
2016-01-03,4℃,-4℃,霾~多云,无持续风向,微风,298,重度污染,5
2016-01-04,3℃,-7℃,多云~晴,北风,3-4级,19,优,1
2016-01-05,0℃,-7℃,多云,西北风,微风,140,轻度污染,3
2016-01-06,2℃,-8℃,多云,西北风,微风,25,优,1
2016-01-07,0℃,-7℃,多云,西北风,微风,29,优,1
2016-01-08,1℃,-8℃,多云,西北风,微风,212,重度污染,5
2016-01-09,3℃,-7℃,多云,西北风,微风,324,严重污染,6
2016-01-10,0℃,-9℃,阴~多云,北风,微风,49,优,1
2016-01-11,-2℃,-10℃,多云,西北风,微风,18,优,1
2016-01-12,-2℃,-10℃,多云,西北风,微风,33,优,1
2016-01-13,1℃,-7℃,多云,西北风,微风,130,轻度污染,3
2016-01-14,3℃,-6℃,多云,西北风,微风,168,中度污染,4
2016-01-15,3℃,-5℃,阴,西北风,微风,218,重度污染,5
2016-01-16,1℃,-7℃,多云,东风,微风,197,中度污染,4
2016-01-17,-3℃,-12℃,多云,北风,微风,21,优,1
2016-01-18,-5℃,-11℃,多云,西北风,微风,38,优,1
2016-01-19,-2℃,-12℃,多云,西北风,微风,147,轻度污染,3
2016-01-20,-3℃,-9℃,阴~多云,东风,微风,155,中度污染,4
2016-01-21,-1℃,-11℃,多云,北风,微风,188,中度污染,4
2016-01-22,-6℃,-16℃,多云~晴,北风,4-5级,25,优,1
2016-01-23,-12℃,-16℃,多云~晴,西北风,微风,67,良,2
2016-01-24,-3℃,-14℃,阴~多云,西北风,微风,56,良,2
2016-01-25,1℃,-10℃,多云,西北风,微风,37,优,1
2016-01-26,1℃,-9℃,多云,西北风,微风,140,轻度污染,3
2016-01-27,3℃,-7℃,晴~多云,无持续风向,微风,239,重度污染,5
2016-01-28,4℃,-6℃,阴~多云,北风,微风,239,重度污染,5
2016-01-29,-1℃,-6℃,多云,东风,微风,66,良,2
2016-01-30,-1℃,-9℃,多云,东北风,微风,73,良,2
2016-01-31,1℃,-9℃,晴,北风,3-4级,41,优,1
2016-02-01,4℃,-8℃,晴,无持续风向,微风,24,优,1
2016-02-02,6℃,-8℃,晴,无持续风向,微风,43,优,1
2016-02-03,7℃,-5℃,晴~多云,无持续风向,微风,56,良,2
2016-02-04,5℃,-4℃,多云,西北风,微风,31,优,1
2016-02-05,3℃,-4℃,多云~晴,西北风,微风,31,优,1
2016-02-06,6℃,-4℃,晴~多云,西北风,微风,59,良,2
2016-02-07,7℃,-3℃,多云,西风,微风,71,良,2
2016-02-08,11℃,-1℃,晴,西北风,微风,215,重度污染,5
2016-02-09,10℃,-1℃,晴,东南风,微风,66,良,2
2016-02-10,10℃,1℃,晴~阴,东北风,微风,120,轻度污染,3
2016-02-11,9℃,2℃,小雨~多云,北风,微风,192,中度污染,4
2016-02-12,12℃,3℃,小雨,北风,微风,202,重度污染,5
2016-02-13,4℃,-6℃,阴~晴,北风,5-6级,19,优,1
2016-02-14,1℃,-5℃,晴~多云,西北风,微风,14,优,1
2016-02-15,4℃,-5℃,晴,西北风,微风,30,优,1
2016-02-16,7℃,-1℃,多云,西北风,微风,33,优,1
2016-02-17,10℃,-1℃,多云~晴,西风,微风,69,良,2
2016-02-18,8℃,0℃,多云,西北风,微风,35,优,1
2016-02-19,8℃,-3℃,多云,西北风,微风,34,优,1
2016-02-20,4℃,-6℃,晴,北风,3-4级,18,优,1
2016-02-21,7℃,-3℃,多云,南风,微风,114,轻度污染,3
2016-02-22,8℃,-4℃,晴,北风,3-4级,105,轻度污染,3
2016-02-23,4℃,-6℃,晴,北风,3-4级,18,优,1
2016-02-24,7℃,-1℃,晴~多云,无持续风向,微风,61,良,2
2016-02-25,7℃,-4℃,多云~晴,无持续风向,微风,42,优,1
2016-02-26,8℃,-2℃,多云~晴,无持续风向,微风,53,良,2
2016-02-27,8℃,-3℃,多云~阴,无持续风向,微风,31,优,1
2016-02-28,8℃,-4℃,多云~晴,北风,4-5级,53,良,2
2016-02-29,5℃,-4℃,多云~晴,无持续风向,微风,44,优,1
2016-03-01,11℃,-1℃,晴,无持续风向,微风,153,中度污染,4
2016-03-02,18℃,2℃,晴~多云,无持续风向,微风,230,重度污染,5
2016-03-03,18℃,4℃,霾~雾,无持续风向,微风,323,严重污染,6
2016-03-04,12℃,5℃,霾~晴,无持续风向,微风,369,严重污染,6
2016-03-05,12℃,-1℃,晴,北风,4-5级,199,中度污染,4
2016-03-06,12℃,-1℃,多云~晴,无持续风向,微风,115,轻度污染,3
2016-03-07,12℃,-1℃,晴~阴,北风,3-4级,74,良,2
2016-03-08,6℃,-2℃,多云~阴,无持续风向,微风,22,优,1
2016-03-09,7℃,-3℃,多云~晴,北风,3-4级,20,优,1
2016-03-10,7℃,-4℃,晴,北风,3-4级,36,优,1
2016-03-11,9℃,0℃,多云,南风,微风,42,优,1
2016-03-12,9℃,2℃,多云~晴,无持续风向,微风,136,轻度污染,3
2016-03-13,12℃,-2℃,晴,北风,3-4级,54,良,2
2016-03-14,16℃,3℃,晴~多云,无持续风向,微风,105,轻度污染,3
2016-03-15,15℃,2℃,多云~霾,无持续风向,微风,176,中度污染,4
2016-03-16,17℃,6℃,霾,无持续风向,微风,293,重度污染,5
2016-03-17,18℃,6℃,霾,无持续风向,微风,322,严重污染,6
2016-03-18,21℃,5℃,霾~多云,无持续风向,微风,240,重度污染,5
2016-03-19,17℃,4℃,多云,无持续风向,微风,87,良,2
2016-03-20,16℃,4℃,多云~晴,无持续风向,微风,85,良,2
2016-03-21,21℃,8℃,晴~多云,无持续风向,微风,171,中度污染,4
2016-03-22,15℃,5℃,阴~晴,无持续风向,微风,157,中度污染,4
2016-03-23,15℃,3℃,晴,北风,3-4级,40,优,1
2016-03-24,16℃,4℃,晴,无持续风向,微风,27,优,1
2016-03-25,15℃,3℃,晴,无持续风向,微风,31,优,1
2016-03-26,19℃,5℃,晴,北风,3-4级,29,优,1
2016-03-27,22℃,9℃,多云,西南风,微风,35,优,1
2016-03-28,22℃,8℃,多云~晴,北风,3-4级,144,轻度污染,3
2016-03-29,23℃,9℃,阴~多云,西北风,微风,57,良,2
2016-03-30,23℃,9℃,晴~多云,南风,微风,53,良,2
2016-03-31,28℃,15℃,多云~小雨,南风,微风,195,中度污染,4
2016-04-01,24℃,11℃,晴~多云,北风,3-4级,95,良,2
2016-04-02,18℃,8℃,多云,北风,3-4级,20,优,1
2016-04-03,20℃,9℃,晴,南风,微风,34,优,1
2016-04-04,24℃,13℃,多云,西南风,微风,94,良,2
2016-04-05,26℃,13℃,阴,南风,微风,156,中度污染,4
2016-04-06,26℃,14℃,阴~多云,南风,微风,174,中度污染,4
2016-04-07,24℃,10℃,多云,西北风,微风,138,轻度污染,3
2016-04-08,26℃,13℃,多云,西风,微风,57,良,2
2016-04-09,27℃,9℃,多云,东南风,微风,137,轻度污染,3
2016-04-10,21℃,7℃,多云,东南风,微风,112,轻度污染,3
2016-04-11,19℃,9℃,多云~小雨,南风,微风,72,良,2
2016-04-12,20℃,8℃,多云~晴,无持续风向,微风,100,良,2
2016-04-13,27℃,11℃,晴,北风,3-4级,171,中度污染,4
2016-04-14,24℃,10℃,多云,南风,微风,65,良,2
2016-04-15,27℃,14℃,小雨,西北风,微风,98,良,2
2016-04-16,22℃,12℃,多云,西北风,微风,61,良,2
2016-04-17,21℃,11℃,多云,西北风,微风,25,优,1
2016-04-18,22℃,11℃,多云~小雨,西北风,微风,31,优,1
2016-04-19,22℃,13℃,小雨,东风,微风,102,轻度污染,3
2016-04-20,28℃,15℃,多云,西北风,微风,91,良,2
2016-04-21,32℃,12℃,多云,西北风,微风,144,轻度污染,3
2016-04-22,26℃,11℃,多云,西北风,微风,74,良,2
2016-04-23,24℃,10℃,多云~晴,南风,微风,53,良,2
2016-04-24,30℃,16℃,晴~多云,南风,微风,117,轻度污染,3
2016-04-25,32℃,16℃,多云~阴,南风,微风,126,轻度污染,3
2016-04-26,27℃,14℃,多云~小雨,东南风,微风,100,良,2
2016-04-27,18℃,12℃,小雨~多云,无持续风向,微风,116,轻度污染,3
2016-04-28,26℃,13℃,多云,南风,3-4级,114,轻度污染,3
2016-04-29,33℃,15℃,晴,西南风,微风,161,中度污染,4
2016-04-30,33℃,17℃,多云,南风,微风,206,重度污染,5
2016-05-01,38℃,23℃,多云~小雨,西南风,微风,237,重度污染,5
2016-05-02,23℃,15℃,小雨,西北风,微风,87,良,2
2016-05-03,29℃,8℃,多云~晴,西北风,微风,58,良,2
2016-05-04,32℃,17℃,阴,南风,微风,56,良,2
2016-05-05,34℃,14℃,多云~晴,西北风,微风,83,良,2
2016-05-06,28℃,10℃,多云,西北风,微风,132,轻度污染,3
2016-05-07,26℃,12℃,晴,无持续风向,微风,44,优,1
2016-05-08,27℃,15℃,晴~阴,南风,3-4级,106,轻度污染,3
2016-05-09,28℃,12℃,阴~多云,西北风,微风,63,良,2
2016-05-10,27℃,16℃,晴~多云,无持续风向,微风,62,良,2
2016-05-11,29℃,18℃,多云~雷阵雨,无持续风向,微风,191,中度污染,4
2016-05-12,24℃,6℃,阴,西北风,微风,66,良,2
2016-05-13,25℃,14℃,晴~阵雨,无持续风向,微风,69,良,2
2016-05-14,16℃,10℃,小雨,无持续风向,微风,61,良,2
2016-05-15,25℃,8℃,阴~晴,西北风,微风,53,良,2
2016-05-16,34℃,13℃,晴,西南风,微风,83,良,2
2016-05-17,35℃,17℃,多云~晴,南风,微风,90,良,2
2016-05-18,29℃,18℃,晴~多云,无持续风向,微风,83,良,2
2016-05-19,33℃,12℃,阴,南风,微风,112,轻度污染,3
2016-05-20,30℃,15℃,霾,无持续风向,微风,115,轻度污染,3
2016-05-21,30℃,15℃,霾,无持续风向,微风,98,良,2
2016-05-22,30℃,17℃,阴,东风,微风,72,良,2
2016-05-23,25℃,12℃,小雨,南风,微风,107,轻度污染,3
2016-05-24,30℃,16℃,多云~小雨,西风,微风,47,优,1
2016-05-25,30℃,16℃,多云~晴,南风,3-4级,35,优,1
2016-05-26,30℃,15℃,晴~阴,西北风,微风,52,良,2
2016-05-27,32℃,14℃,阴,南风,微风,87,良,2
2016-05-28,33℃,19℃,阴~晴,南风,微风,69,良,2
2016-05-29,32℃,17℃,晴,北风,微风,62,良,2
2016-05-30,38℃,22℃,阴,南风,微风,123,轻度污染,3
2016-05-31,30℃,16℃,阴~多云,东南风,微风,84,良,2
2016-06-01,32℃,17℃,多云~阴,南风,微风,59,良,2
2016-06-02,32℃,19℃,晴~多云,南风,3-4级,72,良,2
2016-06-03,31℃,18℃,阴,南风,1-2级,105,轻度污染,3
2016-06-04,32℃,17℃,阴,南风,1-2级,109,轻度污染,3
2016-06-05,33℃,16℃,晴,南风,1-2级,97,良,2
2016-06-06,33℃,19℃,晴~小雨,南风,1-2级,130,轻度污染,3
2016-06-07,28℃,16℃,小雨~晴,南风,1-2级,86,良,2
2016-06-08,34℃,19℃,多云,南风,1-2级,190,中度污染,4
2016-06-09,36℃,23℃,多云~小雨,南风,1-2级,149,轻度污染,3
2016-06-10,36℃,21℃,多云,西北风,1-2级,87,良,2
2016-06-11,32℃,19℃,阴,西北风,1-2级,31,优,1
2016-06-12,33℃,20℃,多云~小雨,南风,1-2级,99,良,2
2016-06-13,32℃,19℃,小雨~中雨,东南风,1-2级,79,良,2
2016-06-14,25℃,18℃,阴~小雨,东北风,1-2级,56,良,2
2016-06-15,31℃,19℃,多云,北风,1-2级,56,良,2
2016-06-16,35℃,21℃,多云~阴,西风,1-2级,56,良,2
2016-06-17,34℃,19℃,阴~多云,北风,1-2级,56,良,2
2016-06-18,32℃,21℃,多云~晴,无持续风向,微风,56,良,2
2016-06-19,37℃,24℃,阴~小雨,南风,1-2级,56,良,2
2016-06-20,37℃,22℃,阴,南风,1-2级,56,良,2
2016-06-21,36℃,23℃,阴~多云,南风,1-2级,56,良,2
2016-06-22,38℃,23℃,多云~阴,南风,1-2级,56,良,2
2016-06-23,36℃,22℃,阴~晴,西北风,1-2级,104,轻度污染,3
2016-06-24,34℃,21℃,多云~晴,北风,1-2级,40,优,1
2016-06-25,37℃,22℃,多云~阴,北风,1-2级,17,优,1
2016-06-26,38℃,24℃,阴,南风,1-2级,31,优,1
2016-06-27,33℃,20℃,小雨,东北风,1-2级,76,良,2
2016-06-28,31℃,20℃,小雨,南风,1-2级,69,良,2
2016-06-29,34℃,23℃,小雨,西南风,1-2级,130,轻度污染,3
2016-06-30,32℃,22℃,雷阵雨,无持续风向,微风,111,轻度污染,3
2016-07-01,32℃,21℃,晴~多云,无持续风向,微风,18,优,1
2016-07-02,35℃,21℃,晴~多云,南风,1-2级,65,良,2
2016-07-03,35℃,21℃,小雨,东南风,1-2级,110,轻度污染,3
2016-07-04,34℃,19℃,小雨~多云,东南风,1-2级,167,中度污染,4
2016-07-05,34℃,18℃,晴,南风,1-2级,112,轻度污染,3
2016-07-06,35℃,19℃,晴~多云,南风,1-2级,99,良,2
2016-07-07,35℃,21℃,多云,南风,1-2级,118,轻度污染,3
2016-07-08,36℃,22℃,多云,南风,1-2级,103,轻度污染,3
2016-07-09,38℃,23℃,多云~晴,南风,1-2级,87,良,2
2016-07-10,39℃,24℃,晴~多云,南风,1-2级,91,良,2
2016-07-11,39℃,26℃,阴~小雨,南风,1-2级,98,良,2
2016-07-12,29℃,22℃,中雨~晴,西北风,1-2级,34,优,1
2016-07-13,37℃,22℃,阴,东风,1-2级,28,优,1
2016-07-14,34℃,23℃,阴,西南风,1-2级,36,优,1
2016-07-15,27℃,20℃,小雨~多云,东南风,1-2级,38,优,1
2016-07-16,30℃,19℃,小雨,南风,1-2级,48,优,1
2016-07-17,32℃,19℃,多云~阴,南风,1-2级,88,良,2
2016-07-18,34℃,23℃,阴~小雨,南风,1-2级,108,轻度污染,3
2016-07-19,26℃,21℃,小雨,东北风,1-2级,117,轻度污染,3
2016-07-20,24℃,22℃,大暴雨~小雨,东北风,1-2级,25,优,1
2016-07-21,29℃,22℃,小雨~多云,东南风,1-2级,36,优,1
2016-07-22,32℃,24℃,阴,南风,1-2级,86,良,2
2016-07-23,34℃,25℃,小雨~多云,南风,1-2级,157,中度污染,4
2016-07-24,35℃,26℃,小雨~大雨,东南风,1-2级,88,良,2
2016-07-25,34℃,22℃,中雨~多云,东南风,1-2级,48,优,1
2016-07-26,33℃,22℃,晴~阴,西南风,1-2级,34,优,1
2016-07-27,34℃,23℃,多云,南风,1-2级,70,良,2
2016-07-28,35℃,24℃,多云~中雨,南风,1-2级,60,良,2
2016-07-29,35℃,25℃,小雨,东南风,1-2级,132,轻度污染,3
2016-07-30,32℃,24℃,小雨~中雨,东南风,1-2级,147,轻度污染,3
2016-07-31,33℃,24℃,大雨~小雨,南风,1-2级,77,良,2
2016-08-01,31℃,23℃,小雨,东北风,1-2级,91,良,2
2016-08-02,33℃,22℃,多云~晴,东北风,1-2级,46,优,1
2016-08-03,34℃,22℃,多云,东南风,1-2级,74,良,2
2016-08-04,33℃,22℃,多云,东南风,1-2级,109,轻度污染,3
2016-08-05,33℃,23℃,多云,南风,1-2级,71,良,2
2016-08-06,34℃,24℃,多云~中雨,南风,1-2级,135,轻度污染,3
2016-08-07,30℃,21℃,中雨~小雨,东风,1-2级,34,优,1
2016-08-08,32℃,21℃,晴~多云,东风,1-2级,54,良,2
2016-08-09,32℃,23℃,多云,南风,1-2级,59,良,2
2016-08-10,34℃,25℃,小雨,南风,1-2级,109,轻度污染,3
2016-08-11,35℃,26℃,小雨,南风,1-2级,107,轻度污染,3
2016-08-12,34℃,24℃,小雨~多云,东北风,1-2级,86,良,2
2016-08-13,36℃,24℃,阴,西北风,1-2级,45,优,1
2016-08-14,34℃,24℃,阴~小雨,西北风,1-2级,41,优,1
2016-08-15,29℃,19℃,小雨~阴,西北风,1-2级,39,优,1
2016-08-16,31℃,21℃,晴~阴,南风,1-2级,39,优,1
2016-08-17,27℃,23℃,小雨~中雨,南风,1-2级,86,良,2
2016-08-18,26℃,23℃,大雨~小雨,北风,1-2级,116,轻度污染,3
2016-08-19,33℃,23℃,多云~晴,无持续风向,微风,34,优,1
2016-08-20,33℃,22℃,多云,无持续风向,微风,88,良,2
2016-08-21,33℃,23℃,多云,无持续风向,微风,84,良,2
2016-08-22,32℃,23℃,多云~阴,无持续风向,微风,66,良,2
2016-08-23,31℃,24℃,阵雨,无持续风向,微风,89,良,2
2016-08-24,33℃,24℃,多云~雷阵雨,无持续风向,微风,104,轻度污染,3
2016-08-25,31℃,18℃,晴,北风,4-5级,33,优,1
2016-08-26,30℃,17℃,晴,无持续风向,微风,26,优,1
2016-08-27,32℃,19℃,晴,无持续风向,微风,31,优,1
2016-08-28,32℃,18℃,晴,无持续风向,微风,25,优,1
2016-08-29,32℃,19℃,晴,无持续风向,微风,39,优,1
2016-08-30,30℃,20℃,多云,无持续风向,微风,57,良,2
2016-08-31,34℃,20℃,多云~阴,北风,3-4级,36,优,1
2016-09-01,27℃,19℃,阴,北风,3-4级,23,优,1
2016-09-02,28℃,20℃,阴~多云,无持续风向,微风,31,优,1
2016-09-03,31℃,20℃,多云~阴,无持续风向,微风,39,优,1
2016-09-04,28℃,19℃,雷阵雨~阴,无持续风向,微风,94,良,2
2016-09-05,31℃,20℃,晴,无持续风向,微风,45,优,1
2016-09-06,32℃,22℃,阴~阵雨,无持续风向,微风,38,优,1
2016-09-07,32℃,19℃,多云,无持续风向,微风,59,良,2
2016-09-08,32℃,18℃,晴,北风,3-4级,39,优,1
2016-09-09,32℃,20℃,晴,无持续风向,微风,34,优,1
2016-09-10,29℃,18℃,阴~雷阵雨,无持续风向,微风,33,优,1
2016-09-11,23℃,18℃,雷阵雨~阵雨,无持续风向,微风,33,优,1
2016-09-12,27℃,17℃,多云,无持续风向,微风,44,优,1
2016-09-13,27℃,19℃,多云,无持续风向,微风,112,轻度污染,3
2016-09-14,31℃,20℃,多云~晴,无持续风向,微风,133,轻度污染,3
2016-09-15,30℃,21℃,多云,无持续风向,微风,106,轻度污染,3
2016-09-16,30℃,20℃,雷阵雨~阵雨,无持续风向,微风,195,中度污染,4
2016-09-17,25℃,17℃,多云~小雨,无持续风向,微风,66,良,2
2016-09-18,21℃,15℃,小雨~多云,无持续风向,微风,35,优,1
2016-09-19,26℃,13℃,晴,无持续风向,微风,27,优,1
2016-09-20,27℃,14℃,晴~多云,无持续风向,微风,37,优,1
2016-09-21,25℃,16℃,阵雨~多云,无持续风向,微风,100,良,2
2016-09-22,27℃,18℃,阴~阵雨,无持续风向,微风,147,轻度污染,3
2016-09-23,28℃,19℃,多云~霾,无持续风向,微风,127,轻度污染,3
2016-09-24,30℃,20℃,霾~雷阵雨,无持续风向,微风,151,中度污染,4
2016-09-25,26℃,19℃,阵雨,无持续风向,微风,212,重度污染,5
2016-09-26,25℃,19℃,阵雨~阴,无持续风向,微风,77,良,2
2016-09-27,24℃,12℃,晴,北风,5-6级,41,优,1
2016-09-28,20℃,10℃,晴,无持续风向,微风,25,优,1
2016-09-29,23℃,12℃,多云,无持续风向,微风,71,良,2
2016-09-30,25℃,14℃,晴~多云,无持续风向,微风,125,轻度污染,3
2016-10-01,26℃,16℃,多云~霾,无持续风向,微风,195,中度污染,4
2016-10-02,27℃,17℃,霾,无持续风向,微风,225,重度污染,5
2016-10-03,29℃,17℃,霾~阵雨,无持续风向,微风,141,轻度污染,3
2016-10-04,20℃,13℃,小雨~晴,无持续风向,微风,45,优,1
2016-10-05,24℃,13℃,晴~多云,无持续风向,微风,74,良,2
2016-10-06,20℃,14℃,小雨~小到中雨,无持续风向,微风,87,良,2
2016-10-07,17℃,12℃,小雨~多云,无持续风向,微风,54,良,2
2016-10-08,19℃,5℃,晴,北风,4-5级,20,优,1
2016-10-09,19℃,8℃,多云~晴,无持续风向,微风,47,优,1
2016-10-10,19℃,10℃,多云~晴,无持续风向,微风,112,轻度污染,3
2016-10-11,21℃,10℃,晴~阴,北风,3-4级,157,中度污染,4
2016-10-12,18℃,10℃,霾,无持续风向,微风,92,良,2
2016-10-13,23℃,13℃,霾,无持续风向,微风,194,中度污染,4
2016-10-14,24℃,14℃,霾,无持续风向,微风,282,重度污染,5
2016-10-15,17℃,13℃,小雨,无持续风向,微风,227,重度污染,5
2016-10-16,21℃,12℃,霾~晴,无持续风向,微风,167,中度污染,4
2016-10-17,21℃,9℃,晴,无持续风向,微风,89,良,2
2016-10-18,22℃,11℃,晴~霾,无持续风向,微风,154,中度污染,4
2016-10-19,22℃,14℃,霾~小雨,无持续风向,微风,279,重度污染,5
2016-10-20,16℃,11℃,小雨,无持续风向,微风,118,轻度污染,3
2016-10-21,13℃,11℃,小雨~阴,无持续风向,微风,64,良,2
2016-10-22,14℃,7℃,多云,无持续风向,微风,26,优,1
2016-10-23,16℃,5℃,晴,无持续风向,微风,47,优,1
2016-10-24,14℃,6℃,多云~霾,无持续风向,微风,93,良,2
2016-10-25,18℃,10℃,霾,无持续风向,微风,145,轻度污染,3
2016-10-26,15℃,10℃,阴,无持续风向,微风,86,良,2
2016-10-27,11℃,7℃,小雨,无持续风向,微风,51,良,2
2016-10-28,13℃,2℃,晴,北风,4-5级,22,优,1
2016-10-29,11℃,3℃,多云~阴,无持续风向,微风,39,优,1
2016-10-30,13℃,2℃,阴~多云,北风,3-4级,70,良,2
2016-10-31,7℃,-4℃,晴,北风,3-4级,18,优,1
2016-11-01,8℃,-2℃,多云~晴,无持续风向,微风,64,良,2
2016-11-02,13℃,1℃,晴,无持续风向,微风,154,中度污染,4
2016-11-03,15℃,2℃,霾,无持续风向,微风,249,重度污染,5
2016-11-04,16℃,5℃,霾,无持续风向,微风,293,重度污染,5
2016-11-05,18℃,2℃,多云,无持续风向,微风,248,重度污染,5
2016-11-06,9℃,3℃,霾~小雨,无持续风向,微风,98,良,2
2016-11-07,12℃,2℃,多云~晴,北风,4-5级,67,良,2
2016-11-08,11℃,-1℃,晴,无持续风向,微风,54,良,2
2016-11-09,10℃,2℃,多云~霾,无持续风向,微风,201,重度污染,5
2016-11-10,9℃,0℃,霾~多云,无持续风向,微风,208,重度污染,5
2016-11-11,12℃,1℃,多云~晴,无持续风向,微风,134,轻度污染,3
2016-11-12,13℃,2℃,晴~霾,无持续风向,微风,98,良,2
2016-11-13,11℃,3℃,霾,无持续风向,微风,119,轻度污染,3
2016-11-14,13℃,-2℃,多云~晴,北风,4-5级,85,良,2
2016-11-15,10℃,-1℃,晴~多云,无持续风向,微风,53,良,2
2016-11-16,12℃,2℃,霾,无持续风向,微风,130,轻度污染,3
2016-11-17,7℃,5℃,霾,无持续风向,微风,136,轻度污染,3
2016-11-18,11℃,7℃,霾,无持续风向,微风,230,重度污染,5
2016-11-19,14℃,3℃,多云~小雨,北风,3-4级,181,中度污染,4
2016-11-20,4℃,-1℃,雨夹雪~暴雪,无持续风向,微风,84,良,2
2016-11-21,0℃,-10℃,小雪~阴,北风,3-4级,19,优,1
2016-11-22,1℃,-8℃,晴~多云,北风,3-4级,26,优,1
2016-11-23,3℃,-7℃,晴,无持续风向,微风,50,优,1
2016-11-24,5℃,-6℃,晴,无持续风向,微风,107,轻度污染,3
2016-11-25,5℃,-4℃,霾,无持续风向,微风,216,重度污染,5
2016-11-26,9℃,-3℃,晴,无持续风向,微风,365,严重污染,6
2016-11-27,8℃,-4℃,晴,北风,3-4级,89,良,2
2016-11-28,9℃,-3℃,晴~霾,无持续风向,微风,100,良,2
2016-11-29,4℃,-3℃,雨夹雪,无持续风向,微风,134,轻度污染,3
2016-11-30,9℃,0℃,霾~晴,无持续风向,微风,146,轻度污染,3
2016-12-01,10℃,-4℃,晴,南风,1-2级,48,优,1
2016-12-02,10℃,-3℃,晴~霾,无持续风向,微风,159,中度污染,4
2016-12-03,10℃,-2℃,霾,南风,1-2级,263,重度污染,5
2016-12-04,9℃,-2℃,霾~阴,无持续风向,微风,354,严重污染,6
2016-12-05,7℃,-5℃,多云~晴,西北风,3-4级,82,良,2
2016-12-06,7℃,-2℃,多云,无持续风向,微风,108,轻度污染,3
2016-12-07,9℃,-2℃,晴~阴,东南风,1-2级,191,中度污染,4
2016-12-08,8℃,-2℃,晴,北风,4-5级,157,中度污染,4
2016-12-09,5℃,-5℃,晴~霾,南风,1-2级,32,优,1
2016-12-10,6℃,-4℃,晴~霾,南风,1-2级,72,良,2
2016-12-11,5℃,-1℃,霾,南风,1-2级,237,重度污染,5
2016-12-12,4℃,-2℃,霾,北风,1-2级,273,重度污染,5
2016-12-13,3℃,-7℃,多云~晴,北风,1-2级,85,良,2
2016-12-14,2℃,-6℃,晴,北风,1-2级,41,优,1
2016-12-15,7℃,-6℃,晴,北风,3-4级,54,良,2
2016-12-16,7℃,-6℃,晴,南风,1-2级,224,重度污染,5
2016-12-17,8℃,-4℃,霾,南风,1-2级,272,重度污染,5
2016-12-18,8℃,-4℃,霾,南风,1-2级,320,严重污染,6
2016-12-19,9℃,-3℃,霾,南风,1-2级,326,严重污染,6
2016-12-20,8℃,-1℃,霾,南风,1-2级,433,严重污染,6
2016-12-21,4℃,-3℃,霾,北风,1-2级,450,严重污染,6
2016-12-22,7℃,-4℃,多云~晴,北风,3-4级,114,轻度污染,3
2016-12-23,4℃,-6℃,晴,南风,1-2级,45,优,1
2016-12-24,5℃,-4℃,多云,南风,1-2级,157,中度污染,4
2016-12-25,3℃,-2℃,霾~雨夹雪,南风,1-2级,199,中度污染,4
2016-12-26,4℃,-7℃,阴~多云,南风,1-2级,72,良,2
2016-12-27,3℃,-7℃,晴~多云,南风,1-2级,55,良,2
2016-12-28,5℃,-6℃,晴,北风,3-4级,116,轻度污染,3
2016-12-29,5℃,-6℃,晴~多云,南风,1-2级,78,良,2
2016-12-30,3℃,-6℃,霾,南风,1-2级,344,严重污染,6
2016-12-31,4℃,-6℃,霾,南风,1-2级,424,严重污染,6
2017-01-01,5℃,-3℃,霾,南风,1-2级,461,严重污染,6
2017-01-02,8℃,-6℃,晴~霾,南风,1-2级,314,严重污染,6
2017-01-03,5℃,-5℃,霾,南风,1-2级,396,严重污染,6
2017-01-04,7℃,-5℃,霾,北风,1-2级,428,严重污染,6
2017-01-05,3℃,-4℃,霾,北风,1-2级,276,重度污染,5
2017-01-06,5℃,-2℃,霾,南风,1-2级,252,重度污染,5
2017-01-07,2℃,-3℃,小雪~雾,北风,1-2级,226,重度污染,5
2017-01-08,6℃,-4℃,阴~晴,北风,1-2级,95,良,2
2017-01-09,4℃,-4℃,晴,南风,1-2级,50,优,1
2017-01-10,5℃,-6℃,晴,北风,1-2级,60,良,2
2017-01-11,6℃,-5℃,晴,南风,1-2级,123,轻度污染,3
2017-01-12,6℃,-4℃,晴,南风,1-2级,72,良,2
2017-01-13,4℃,-6℃,晴,北风,3-4级,22,优,1
2017-01-14,4℃,-7℃,晴,南风,1-2级,32,优,1
2017-01-15,2℃,-5℃,霾,南风,1-2级,63,良,2
2017-01-16,1℃,-4℃,霾~雾,东风,1-2级,109,轻度污染,3
2017-01-17,6℃,-6℃,多云~晴,北风,1-2级,181,中度污染,4
2017-01-18,3℃,-4℃,多云~小雪,南风,1-2级,63,良,2
2017-01-19,1℃,-8℃,晴,北风,5-6级,89,良,2
2017-01-20,1℃,-8℃,晴~多云,南风,1-2级,35,优,1
2017-01-21,0℃,-8℃,晴,东北风,4-5级,58,良,2
2017-01-22,1℃,-10℃,晴,南风,1-2级,43,优,1
2017-01-23,2℃,-7℃,多云~晴,西南风,1-2级,49,优,1
2017-01-24,5℃,-6℃,多云,南风,1-2级,129,轻度污染,3
2017-01-25,5℃,-4℃,晴~阴,西南风,1-2级,240,重度污染,5
2017-01-26,9℃,-6℃,多云~晴,北风,4-5级,239,重度污染,5
2017-01-27,6℃,-5℃,晴~多云,西南风,3-4级,79,良,2
2017-01-28,5℃,-4℃,多云,西南风,1-2级,393,严重污染,6
2017-01-29,2℃,-8℃,多云~晴,北风,4-5级,95,良,2
2017-01-30,2℃,-5℃,多云,南风,1-2级,41,优,1
2017-01-31,6℃,-4℃,晴,南风,1-2级,137,轻度污染,3
2017-02-01,5℃,-7℃,晴,北风,3-4级,48,优,1
2017-02-02,6℃,-5℃,晴,南风,1-2级,143,轻度污染,3
2017-02-03,7℃,-2℃,多云,南风,1-2级,229,重度污染,5
2017-02-04,10℃,-2℃,晴,北风,1-2级,367,严重污染,6
2017-02-05,9℃,-4℃,晴,北风,1-2级,24,优,1
2017-02-06,5℃,-5℃,多云~阴,南风,1-2级,24,优,1
2017-02-07,1℃,-4℃,小雪~阴,南风,1-2级,84,良,2
2017-02-08,5℃,-7℃,多云~晴,北风,4-5级,63,良,2
2017-02-09,4℃,-5℃,晴,北风,4-5级,24,优,1
2017-02-10,5℃,-6℃,晴,北风,4-5级,24,优,1
2017-02-11,8℃,-4℃,晴,南风,1-2级,59,良,2
2017-02-12,11℃,-3℃,晴,南风,1-2级,178,中度污染,4
2017-02-13,11℃,-4℃,晴,南风,1-2级,117,轻度污染,3
2017-02-14,9℃,-3℃,晴,南风,1-2级,222,重度污染,5
2017-02-15,8℃,1℃,多云~阴,南风,1-2级,297,重度污染,5
2017-02-16,8℃,-4℃,多云,北风,4-5级,163,中度污染,4
2017-02-17,6℃,-4℃,晴,南风,1-2级,39,优,1
2017-02-18,9℃,-2℃,多云~阴,南风,1-2级,128,轻度污染,3
2017-02-19,15℃,-1℃,多云~晴,西北风,4-5级,158,中度污染,4
2017-02-20,7℃,-2℃,多云~阴,北风,3-4级,30,优,1
2017-02-21,1℃,-3℃,小雪,南风,1-2级,79,良,2
2017-02-22,11℃,-2℃,阴~晴,北风,3-4级,120,轻度污染,3
2017-02-23,7℃,-4℃,晴,南风,1-2级,33,优,1
2017-02-24,13℃,-2℃,晴,北风,1-2级,58,良,2
2017-02-25,13℃,-1℃,多云,北风,1-2级,23,优,1
2017-02-26,14℃,-2℃,晴,南风,1-2级,42,优,1
2017-02-27,14℃,2℃,晴,南风,1-2级,90,良,2
2017-02-28,16℃,3℃,多云~阴,北风,1-2级,28,优,1
2017-03-01,9℃,-3℃,晴,北风,4-5级,38,优,1
2017-03-02,13℃,0℃,晴,南风,3-4级,61,良,2
2017-03-03,14℃,-2℃,晴,南风,1-2级,118,轻度污染,3
2017-03-04,13℃,1℃,多云,南风,1-2级,111,轻度污染,3
2017-03-05,12℃,-2℃,晴,北风,4-5级,50,优,1
2017-03-06,10℃,-3℃,多云~晴,北风,4-5级,43,优,1
2017-03-07,10℃,0℃,晴,北风,3-4级,26,优,1
2017-03-08,14℃,3℃,晴,北风,3-4级,26,优,1
2017-03-09,16℃,1℃,晴,南风,1-2级,37,优,1
2017-03-10,17℃,5℃,多云~阴,南风,1-2级,59,良,2
2017-03-11,21℃,5℃,阴~晴,南风,1-2级,88,良,2
2017-03-12,14℃,2℃,晴,北风,4-5级,34,优,1
2017-03-13,15℃,2℃,晴,南风,1-2级,29,优,1
2017-03-14,16℃,3℃,晴~多云,南风,1-2级,44,优,1
2017-03-15,17℃,2℃,多云~晴,南风,1-2级,85,良,2
2017-03-16,17℃,6℃,多云,南风,1-2级,162,中度污染,4
2017-03-17,18℃,6℃,阴~多云,南风,1-2级,153,中度污染,4
2017-03-18,21℃,6℃,晴,北风,1-2级,203,重度污染,5
2017-03-19,19℃,8℃,多云~阴,南风,1-2级,275,重度污染,5
2017-03-20,12℃,7℃,小雨~阴,东风,1-2级,185,中度污染,4
2017-03-21,15℃,5℃,多云,南风,1-2级,112,轻度污染,3
2017-03-22,16℃,6℃,阴~小雨,东风,1-2级,183,中度污染,4
2017-03-23,8℃,2℃,小雨~小到中雨,东风,1-2级,171,中度污染,4
2017-03-24,6℃,1℃,雨夹雪~阴,南风,1-2级,88,良,2
2017-03-25,14℃,4℃,多云,南风,1-2级,53,良,2
2017-03-26,16℃,4℃,多云~晴,北风,3-4级,26,优,1
2017-03-27,15℃,5℃,晴~多云,南风,1-2级,33,优,1
2017-03-28,17℃,5℃,多云~晴,南风,1-2级,80,良,2
2017-03-29,20℃,8℃,晴~多云,南风,1-2级,152,中度污染,4
2017-03-30,16℃,6℃,多云,南风,1-2级,117,轻度污染,3
2017-03-31,17℃,6℃,晴,西南风,1-2级,53,良,2
2017-04-01,22℃,6℃,多云,南风,1-2级,65,良,2
2017-04-02,25℃,10℃,阴~多云,南风,1-2级,88,良,2
2017-04-03,26℃,11℃,多云~阴,南风,1-2级,161,中度污染,4
2017-04-04,21℃,12℃,阴~小雨,南风,3-4级,157,中度污染,4
2017-04-05,19℃,9℃,阴~多云,南风,1-2级,73,良,2
2017-04-06,25℃,10℃,多云~阴,南风,1-2级,129,轻度污染,3
2017-04-07,20℃,14℃,阴,南风,1-2级,108,轻度污染,3
2017-04-08,19℃,7℃,阴~晴,南风,3-4级,118,轻度污染,3
2017-04-09,20℃,8℃,多云,南风,3-4级,95,良,2
2017-04-10,20℃,11℃,多云,南风,3-4级,95,良,2
2017-04-11,22℃,7℃,晴,北风,3-4级,71,良,2
2017-04-12,26℃,9℃,晴~多云,南风,1-2级,71,良,2
2017-04-13,22℃,8℃,阴,南风,1-2级,76,良,2
2017-04-14,27℃,11℃,多云,南风,1-2级,98,良,2
2017-04-15,30℃,14℃,晴~多云,南风,1-2级,69,良,2
2017-04-16,27℃,14℃,阴,南风,3-4级,127,轻度污染,3
2017-04-17,28℃,12℃,多云,北风,3-4级,188,中度污染,4
2017-04-18,24℃,11℃,晴~阴,北风,4-5级,56,良,2
2017-04-19,20℃,11℃,阴~多云,西北风,1-2级,85,良,2
2017-04-20,23℃,11℃,多云,北风,3-4级,81,良,2
2017-04-21,22℃,9℃,多云~晴,南风,1-2级,53,良,2
2017-04-22,27℃,13℃,多云,南风,3-4级,98,良,2
2017-04-23,25℃,11℃,多云,南风,1-2级,62,良,2
2017-04-24,24℃,11℃,多云,北风,3-4级,76,良,2
2017-04-25,20℃,8℃,多云~晴,南风,1-2级,42,优,1
2017-04-26,25℃,11℃,晴,北风,3-4级,40,优,1
2017-04-27,28℃,14℃,晴,北风,4-5级,41,优,1
2017-04-28,31℃,15℃,晴,北风,3-4级,65,良,2
2017-04-29,34℃,18℃,多云,南风,3-4级,92,良,2
2017-04-30,29℃,12℃,晴~多云,南风,1-2级,137,轻度污染,3
2017-05-01,27℃,14℃,多云,南风,1-2级,96,良,2
2017-05-02,30℃,18℃,多云,南风,3-4级,90,良,2
2017-05-03,28℃,16℃,阴,南风,3-4级,98,良,2
2017-05-04,28℃,14℃,多云~晴,北风,3-4级,406,严重污染,6
2017-05-05,21℃,11℃,扬沙~晴,北风,4-5级,279,重度污染,5
2017-05-06,29℃,11℃,晴,北风,3-4级,78,良,2
2017-05-07,30℃,16℃,晴~多云,南风,3-4级,65,良,2
2017-05-08,31℃,16℃,多云,南风,3-4级,95,良,2
2017-05-09,29℃,15℃,晴~阵雨,南风,3-4级,87,良,2
2017-05-10,30℃,14℃,晴,南风,3-4级,66,良,2
2017-05-11,31℃,13℃,晴~多云,北风,5-6级,110,轻度污染,3
2017-05-12,30℃,14℃,晴~多云,西南风,3-4级,132,轻度污染,3
2017-05-13,29℃,15℃,多云,西北风,4-5级,65,良,2
2017-05-14,28℃,14℃,多云,北风,3-4级,43,优,1
2017-05-15,28℃,15℃,多云,南风,1-2级,64,良,2
2017-05-16,32℃,17℃,多云~晴,南风,3-4级,83,良,2
2017-05-17,35℃,19℃,晴,南风,1-2级,99,良,2
2017-05-18,36℃,21℃,晴,南风,3-4级,126,轻度污染,3
2017-05-19,36℃,22℃,晴,西南风,3-4级,122,轻度污染,3
2017-05-20,34℃,20℃,晴~多云,南风,3-4级,98,良,2
2017-05-21,32℃,17℃,阴~阵雨,南风,3-4级,82,良,2
2017-05-22,18℃,13℃,小到中雨~阴,东北风,3-4级,60,良,2
2017-05-23,28℃,14℃,晴,南风,1-2级,41,优,1
2017-05-24,33℃,17℃,多云~晴,西南风,3-4级,50,优,1
2017-05-25,31℃,15℃,晴,南风,3-4级,67,良,2
2017-05-26,31℃,17℃,晴,南风,1-2级,80,良,2
2017-05-27,35℃,21℃,晴,西南风,1-2级,96,良,2
2017-05-28,37℃,22℃,多云~阴,北风,3-4级,141,轻度污染,3
2017-05-29,27℃,18℃,阴~阵雨,东风,1-2级,70,良,2
2017-05-30,26℃,16℃,阵雨~晴,南风,3-4级,67,良,2
2017-05-31,34℃,19℃,阴~多云,南风,1-2级,106,轻度污染,3
2017-06-01,30℃,17℃,晴~阴,南风,1-2级,60,良,2
2017-06-02,25℃,13℃,阵雨~多云,东风,3-4级,57,良,2
2017-06-03,28℃,16℃,晴,南风,1-2级,57,良,2
2017-06-04,32℃,19℃,多云,西南风,3-4级,83,良,2
2017-06-05,29℃,15℃,阴~小雨,西南风,3-4级,104,轻度污染,3
2017-06-06,20℃,13℃,小雨~晴,南风,1-2级,57,良,2
2017-06-07,32℃,19℃,晴~多云,南风,1-2级,73,良,2
2017-06-08,35℃,21℃,多云~晴,南风,1-2级,55,良,2
2017-06-09,37℃,21℃,晴~多云,南风,3-4级,81,良,2
2017-06-10,31℃,17℃,阴~多云,东风,1-2级,59,良,2
2017-06-11,32℃,18℃,阴~多云,南风,1-2级,73,良,2
2017-06-12,27℃,18℃,阴,南风,1-2级,61,良,2
2017-06-13,29℃,17℃,多云~晴,南风,1-2级,59,良,2
2017-06-14,36℃,21℃,晴,西南风,3-4级,76,良,2
2017-06-15,38℃,24℃,晴,南风,1-2级,87,良,2
2017-06-16,37℃,24℃,多云~阴,西南风,3-4级,104,轻度污染,3
2017-06-17,35℃,25℃,阵雨~多云,南风,3-4级,121,轻度污染,3
2017-06-18,35℃,23℃,阴~雷阵雨,南风,3-4级,115,轻度污染,3
2017-06-19,31℃,21℃,雷阵雨~阴,南风,1-2级,77,良,2
2017-06-20,36℃,22℃,多云~阴,东南风,1-2级,73,良,2
2017-06-21,32℃,22℃,阵雨~小到中雨,南风,1-2级,79,良,2
2017-06-22,23℃,20℃,大雨,南风,3-4级,53,良,2
2017-06-23,24℃,19℃,雷阵雨,东风,1-2级,41,优,1
2017-06-24,25℃,18℃,阵雨~阴,北风,3-4级,38,优,1
2017-06-25,31℃,20℃,多云,南风,1-2级,62,良,2
2017-06-26,34℃,21℃,多云~晴,南风,1-2级,62,良,2
2017-06-27,35℃,22℃,多云~晴,南风,1-2级,115,轻度污染,3
2017-06-28,35℃,23℃,多云,南风,1-2级,132,轻度污染,3
2017-06-29,35℃,24℃,雷阵雨~多云,南风,1-2级,93,良,2
2017-06-30,35℃,25℃,多云,南风,1-2级,109,轻度污染,3
2017-07-01,36℃,25℃,多云,南风,1-2级,118,轻度污染,3
2017-07-02,36℃,24℃,多云~晴,南风,1-2级,135,轻度污染,3
2017-07-03,36℃,24℃,多云~雷阵雨,南风,1-2级,80,良,2
2017-07-04,31℃,23℃,雷阵雨,南风,1-2级,60,良,2
2017-07-05,30℃,23℃,多云~雷阵雨,南风,1-2级,113,轻度污染,3
2017-07-06,25℃,23℃,大雨~中雨,东风,1-2级,102,轻度污染,3
2017-07-07,32℃,23℃,阴~多云,南风,1-2级,57,良,2
2017-07-08,34℃,25℃,多云~雷阵雨,南风,1-2级,66,良,2
2017-07-09,34℃,23℃,多云,南风,1-2级,138,轻度污染,3
2017-07-10,37℃,20℃,多云,西南风,1-2级,64,良,2
2017-07-11,37℃,26℃,多云,南风,1-2级,101,轻度污染,3
2017-07-12,36℃,27℃,多云,南风,1-2级,103,轻度污染,3
2017-07-13,37℃,25℃,多云~雷阵雨,南风,1-2级,98,良,2
2017-07-14,32℃,24℃,雷阵雨~阴,东风,1-2级,63,良,2
2017-07-15,33℃,25℃,阴,东风,1-2级,57,良,2
2017-07-16,34℃,25℃,多云~晴,南风,1-2级,96,良,2
2017-07-17,34℃,25℃,晴~多云,南风,1-2级,67,良,2
2017-07-18,33℃,25℃,阵雨,南风,1-2级,78,良,2
2017-07-19,31℃,25℃,阴~多云,南风,1-2级,98,良,2
2017-07-20,33℃,25℃,雷阵雨~中到大雨,南风,1-2级,113,轻度污染,3
2017-07-21,25℃,23℃,小到中雨~阵雨,东风,1-2级,47,优,1
2017-07-22,28℃,24℃,阴,南风,1-2级,39,优,1
2017-07-23,29℃,24℃,阵雨,南风,1-2级,72,良,2
2017-07-24,29℃,23℃,阴~阵雨,东北风,1-2级,85,良,2
2017-07-25,30℃,22℃,阵雨~阴,南风,1-2级,56,良,2
2017-07-26,24℃,20℃,中雨~阵雨,北风,1-2级,45,优,1
2017-07-27,29℃,23℃,阴~多云,南风,1-2级,65,良,2
2017-07-28,31℃,22℃,多云~阴,南风,1-2级,58,良,2
2017-07-29,31℃,22℃,多云,南风,1-2级,58,良,2
2017-07-30,32℃,21℃,多云~晴,南风,1-2级,63,良,2
2017-07-31,32℃,23℃,晴~多云,南风,1-2级,111,轻度污染,3
2017-08-01,31℃,24℃,阴~雷阵雨,南风,1-2级,89,良,2
2017-08-02,28℃,24℃,阵雨~小到中雨,东风,1-2级,49,优,1
2017-08-03,33℃,24℃,阴~晴,南风,1-2级,39,优,1
2017-08-04,37℃,25℃,晴~多云,南风,1-2级,59,良,2
2017-08-05,33℃,23℃,雷阵雨,北风,1-2级,63,良,2
2017-08-06,34℃,24℃,多云~晴,南风,1-2级,40,优,1
2017-08-07,36℃,24℃,多云~晴,南风,1-2级,40,优,1
2017-08-08,34℃,23℃,阴~雷阵雨,东风,1-2级,82,良,2
2017-08-09,31℃,23℃,雷阵雨~阴,东风,1-2级,44,优,1
2017-08-10,33℃,24℃,多云,西南风,1-2级,93,良,2
2017-08-11,34℃,23℃,雷阵雨~中雨,东北风,3-4级,120,轻度污染,3
2017-08-12,31℃,22℃,雷阵雨,东风,1-2级,50,优,1
2017-08-13,29℃,23℃,雷阵雨,北风,1-2级,65,良,2
2017-08-14,30℃,23℃,多云,东南风,1-2级,46,优,1
2017-08-15,31℃,23℃,雷阵雨,西南风,1-2级,71,良,2
2017-08-16,28℃,22℃,雷阵雨~阴,东北风,1-2级,69,良,2
2017-08-17,30℃,22℃,阴,东北风,1-2级,47,优,1
2017-08-18,30℃,22℃,雷阵雨,东南风,1-2级,82,良,2
2017-08-19,29℃,22℃,雷阵雨~多云,东北风,1-2级,61,良,2
2017-08-20,31℃,23℃,多云,南风,1-2级,84,良,2
2017-08-21,33℃,24℃,多云~雷阵雨,西南风,1-2级,91,良,2
2017-08-22,29℃,22℃,雷阵雨~中到大雨,北风,1-2级,107,轻度污染,3
2017-08-23,32℃,22℃,阴~多云,东北风,1-2级,50,优,1
2017-08-24,34℃,20℃,晴~多云,北风,1-2级,37,优,1
2017-08-25,33℃,19℃,晴,西风,1-2级,35,优,1
2017-08-26,29℃,19℃,多云~阵雨,西南风,1-2级,54,良,2
2017-08-27,21℃,18℃,中雨~阵雨,北风,1-2级,32,优,1
2017-08-28,28℃,17℃,多云~晴,北风,1-2级,37,优,1
2017-08-29,26℃,16℃,晴,西南风,1-2级,41,优,1
2017-08-30,28℃,19℃,多云,西南风,1-2级,80,良,2
2017-08-31,28℃,19℃,阵雨~阴,南风,1-2级,103,轻度污染,3
2017-09-01,28℃,19℃,多云~阴,南风,1-2级,214,重度污染,5
2017-09-02,27℃,19℃,小雨~阴,西南风,3-4级,161,中度污染,4
2017-09-03,29℃,19℃,多云,南风,3-4级,78,良,2
2017-09-04,29℃,20℃,阴~阵雨,西南风,1-2级,121,轻度污染,3
2017-09-05,31℃,18℃,阴~多云,北风,1-2级,74,良,2
2017-09-06,32℃,18℃,晴,西南风,1-2级,47,优,1
2017-09-07,31℃,19℃,晴,南风,1-2级,88,良,2
2017-09-08,30℃,20℃,多云,东北风,1-2级,172,中度污染,4
2017-09-09,31℃,21℃,阴,东南风,1-2级,142,轻度污染,3
2017-09-10,28℃,19℃,阵雨~晴,北风,1-2级,130,轻度污染,3
2017-09-11,30℃,15℃,晴,北风,1-2级,62,良,2
2017-09-12,30℃,18℃,晴~多云,南风,1-2级,53,良,2
2017-09-13,29℃,20℃,多云,西南风,1-2级,107,轻度污染,3
2017-09-14,29℃,20℃,阴,南风,1-2级,123,轻度污染,3
2017-09-15,29℃,18℃,阴,南风,1-2级,80,良,2
2017-09-16,28℃,18℃,阵雨~多云,南风,1-2级,126,轻度污染,3
2017-09-17,29℃,16℃,晴,北风,1-2级,39,优,1
2017-09-18,30℃,18℃,晴,西南风,1-2级,58,良,2
2017-09-19,30℃,15℃,晴~多云,西北风,3-4级,45,优,1
2017-09-20,28℃,14℃,晴,南风,1-2级,46,优,1
2017-09-21,30℃,17℃,阵雨~多云,南风,1-2级,101,轻度污染,3
2017-09-23,29℃,17℃,多云~阴,南风,1-2级,125,轻度污染,3
2017-09-24,29℃,18℃,多云~阵雨,东北风,1-2级,115,轻度污染,3
2017-09-25,29℃,18℃,阴,南风,1-2级,111,轻度污染,3
2017-09-26,24℃,13℃,小雨~阴,东北风,3-4级,84,良,2
2017-09-27,24℃,10℃,多云~晴,南风,1-2级,56,良,2
2017-09-28,23℃,11℃,晴~多云,西南风,1-2级,37,优,1
2017-09-29,26℃,11℃,晴,东北风,1-2级,82,良,2
2017-09-30,28℃,16℃,多云,西南风,1-2级,154,中度污染,4
2017-10-01,26℃,12℃,多云~阴,东北风,3-4级,129,轻度污染,3
2017-10-02,18℃,9℃,小雨~阴,东北风,1-2级,46,优,1
2017-10-03,20℃,9℃,多云~晴,西南风,1-2级,38,优,1
2017-10-04,22℃,10℃,晴,西南风,3-4级,60,良,2
2017-10-05,22℃,11℃,多云,南风,1-2级,83,良,2
2017-10-06,22℃,13℃,多云~阴,南风,1-2级,88,良,2
2017-10-07,20℃,13℃,小雨~阴,北风,1-2级,142,轻度污染,3
2017-10-08,18℃,12℃,阴~小雨,东北风,1-2级,154,中度污染,4
2017-10-09,15℃,9℃,中雨~小到中雨,北风,3-4级,48,优,1
2017-10-10,11℃,6℃,小雨~阴,北风,1-2级,14,优,1
2017-10-11,16℃,6℃,晴~多云,西风,1-2级,26,优,1
2017-10-12,13℃,6℃,小雨~多云,北风,1-2级,44,优,1
2017-10-13,18℃,9℃,晴~多云,南风,1-2级,69,良,2
2017-10-14,12℃,9℃,小雨,北风,1-2级,38,优,1
2017-10-15,16℃,7℃,阴~多云,北风,1-2级,75,良,2
2017-10-16,18℃,6℃,晴~多云,东北风,1-2级,67,良,2
2017-10-17,16℃,11℃,阴~小雨,南风,1-2级,105,轻度污染,3
2017-10-18,15℃,9℃,小雨~多云,南风,1-2级,94,良,2
2017-10-19,19℃,9℃,晴~多云,南风,1-2级,78,良,2
2017-10-20,21℃,11℃,晴~多云,东北风,1-2级,138,轻度污染,3
2017-10-21,18℃,10℃,阴~小雨,东北风,1-2级,111,轻度污染,3
2017-10-22,13℃,7℃,阴~多云,西北风,1-2级,62,良,2
2017-10-23,16℃,6℃,多云~晴,南风,1-2级,57,良,2
2017-10-24,19℃,9℃,晴~多云,西南风,1-2级,97,良,2
2017-10-25,15℃,9℃,阴~小雨,南风,1-2级,151,中度污染,4
2017-10-26,17℃,8℃,阴~多云,东北风,1-2级,196,中度污染,4
2017-10-27,18℃,9℃,多云~雾,西南风,1-2级,219,重度污染,5
2017-10-28,16℃,4℃,多云~晴,北风,5-6级,81,良,2
2017-10-29,13℃,1℃,晴,北风,3-4级,26,优,1
2017-10-30,15℃,2℃,晴,西南风,1-2级,44,优,1
2017-10-31,17℃,4℃,晴,南风,1-2级,92,良,2
2017-11-01,17℃,5℃,晴~阴,东北风,1-2级,106,轻度污染,3
2017-11-02,17℃,3℃,阴~晴,西北风,1-2级,92,良,2
2017-11-03,13℃,-1℃,晴,北风,3-4级,31,优,1
2017-11-04,15℃,3℃,晴,西南风,3-4级,63,良,2
2017-11-05,15℃,4℃,晴~多云,西南风,1-2级,137,轻度污染,3
2017-11-06,15℃,4℃,多云,南风,1-2级,208,重度污染,5
2017-11-07,18℃,4℃,晴,西北风,3-4级,138,轻度污染,3
2017-11-08,14℃,4℃,多云~阴,南风,1-2级,44,优,1
2017-11-09,14℃,5℃,阴~多云,东北风,1-2级,72,良,2
2017-11-10,12℃,-1℃,晴,西北风,5-6级,46,优,1
2017-11-11,11℃,0℃,晴~多云,南风,1-2级,31,优,1
2017-11-12,12℃,0℃,多云~晴,南风,1-2级,79,良,2
2017-11-13,13℃,-1℃,晴,北风,5-6级,68,良,2
2017-11-14,8℃,-4℃,晴,西风,1-2级,23,优,1
2017-11-15,7℃,-3℃,晴,南风,1-2级,36,优,1
2017-11-16,8℃,-1℃,晴~阴,南风,1-2级,77,良,2
2017-11-17,6℃,-4℃,多云~晴,北风,5-6级,64,良,2
2017-11-18,6℃,-7℃,晴,西南风,3-4级,53,良,2
2017-11-19,7℃,-5℃,多云,西南风,1-2级,119,轻度污染,3
2017-11-20,9℃,-3℃,晴~多云,西风,1-2级,153,中度污染,4
2017-11-21,8℃,-2℃,多云~晴,西风,1-2级,199,中度污染,4
2017-11-22,8℃,-5℃,多云~晴,西北风,3-4级,30,优,1
2017-11-23,7℃,-4℃,多云,西风,1-2级,31,优,1
2017-11-24,7℃,-5℃,多云,西南风,3-4级,41,优,1
2017-11-25,7℃,-3℃,阴~多云,南风,1-2级,77,良,2
2017-11-26,4℃,-4℃,晴,南风,1-2级,27,优,1
2017-11-27,7℃,-3℃,多云,南风,1-2级,96,良,2
2017-11-28,7℃,-5℃,晴~多云,西北风,1-2级,78,良,2
2017-11-29,0℃,-6℃,多云,南风,1-2级,32,优,1
2017-11-30,4℃,-5℃,晴,西南风,3-4级,40,优,1
2017-12-01,5℃,-5℃,晴,西南风,1-2级,116,轻度污染,3
2017-12-02,7℃,-4℃,晴~多云,西南风,1-2级,207,重度污染,5
2017-12-03,5℃,-5℃,多云~晴,北风,3-4级,99,良,2
2017-12-04,4℃,-6℃,多云,西北风,3-4级,23,优,1
2017-12-05,7℃,-4℃,晴,西南风,1-2级,53,良,2
2017-12-06,8℃,-4℃,多云,西北风,1-2级,53,良,2
2017-12-07,5℃,-5℃,多云~晴,西北风,3-4级,27,优,1
2017-12-08,6℃,-4℃,晴,南风,1-2级,41,优,1
2017-12-09,6℃,-4℃,多云~晴,西南风,1-2级,61,良,2
2017-12-10,4℃,-6℃,晴~多云,西北风,4-5级,42,优,1
2017-12-11,1℃,-8℃,多云~晴,东北风,3-4级,22,优,1
2017-12-12,-1℃,-8℃,多云,东南风,1-2级,22,优,1
2017-12-13,0℃,-5℃,晴~多云,南风,1-2级,48,优,1
2017-12-14,-1℃,-3℃,阴~多云,南风,1-2级,93,良,2
2017-12-15,4℃,-6℃,多云~晴,西北风,1-2级,78,良,2
2017-12-16,1℃,-8℃,晴,西北风,3-4级,33,优,1
2017-12-17,5℃,-5℃,晴,南风,1-2级,52,良,2
2017-12-18,6℃,-6℃,晴,西北风,3-4级,46,优,1
2017-12-19,4℃,-4℃,多云~阴,西南风,3-4级,65,良,2
2017-12-20,6℃,-5℃,多云~晴,北风,1-2级,42,优,1
2017-12-21,8℃,-6℃,晴,西南风,1-2级,71,良,2
2017-12-22,9℃,-6℃,多云,北风,1-2级,74,良,2
2017-12-23,7℃,-3℃,多云,西南风,1-2级,49,优,1
2017-12-24,6℃,-6℃,晴,西北风,3-4级,48,优,1
2017-12-25,5℃,-4℃,晴,南风,1-2级,46,优,1
2017-12-26,3℃,-7℃,晴~多云,南风,1-2级,42,优,1
2017-12-27,4℃,-5℃,多云~晴,北风,1-2级,94,良,2
2017-12-28,5℃,-4℃,晴,东北风,1-2级,136,轻度污染,3
2017-12-29,4℃,-3℃,多云,东风,1-2级,228,重度污染,5
2017-12-30,5℃,-6℃,晴,北风,3-4级,166,中度污染,4
2017-12-31,4℃,-6℃,晴,南风,1-2级,57,良,2
2018-01-01,3℃,-6℃,晴~多云,东北风,1-2级,62,良,2
2018-01-02,2℃,-5℃,阴~多云,东风,1-2级,48,优,1
2018-01-03,2℃,-5℃,多云,北风,1-2级,26,优,1
2018-01-04,0℃,-8℃,阴,东北风,1-2级,29,优,1
2018-01-05,3℃,-6℃,多云~晴,南风,1-2级,57,良,2
2018-01-06,2℃,-5℃,多云~阴,西南风,1-2级,34,优,1
2018-01-07,1℃,-5℃,阴~多云,西南风,1-2级,70,良,2
2018-01-08,2℃,-6℃,晴,西北风,4-5级,52,良,2
2018-01-09,1℃,-8℃,晴,西北风,3-4级,37,优,1
2018-01-10,-3℃,-11℃,晴,北风,1-2级,27,优,1
2018-01-11,-1℃,-9℃,晴,北风,1-2级,27,优,1
2018-01-12,2℃,-8℃,晴,南风,1-2级,97,良,2
2018-01-13,3℃,-7℃,多云,南风,1-2级,128,轻度污染,3
2018-01-14,7℃,-5℃,晴~多云,西北风,1-2级,203,重度污染,5
2018-01-15,2℃,-5℃,阴,东南风,1-2级,50,优,1
2018-01-16,4℃,-5℃,多云,北风,1-2级,132,轻度污染,3
2018-01-17,7℃,-7℃,多云~晴,西北风,1-2级,90,良,2
2018-01-18,6℃,-6℃,晴,南风,1-2级,99,良,2
2018-01-19,8℃,-5℃,晴,西南风,1-2级,140,轻度污染,3
2018-01-20,3℃,-6℃,晴~多云,北风,1-2级,77,良,2
2018-01-21,-1℃,-5℃,阴~小雪,东北风,1-2级,62,良,2
2018-01-22,-3℃,-11℃,小雪~多云,东风,1-2级,59,良,2
2018-01-23,-4℃,-12℃,晴,西北风,3-4级,27,优,1
2018-01-24,-4℃,-11℃,晴,南风,1-2级,38,优,1
2018-01-25,-2℃,-11℃,多云,东北风,1-2级,26,优,1
2018-01-26,-2℃,-10℃,晴~多云,南风,1-2级,38,优,1
2018-01-27,0℃,-9℃,多云~阴,南风,1-2级,105,轻度污染,3
2018-01-28,-1℃,-9℃,晴,西北风,1-2级,51,良,2
2018-01-29,1℃,-8℃,晴,西北风,1-2级,54,良,2
2018-01-30,5℃,-7℃,晴,西北风,1-2级,33,优,1
2018-01-31,4℃,-8℃,晴,西南风,1-2级,57,良,2
2018-02-01,4℃,-7℃,多云,北风,1-2级,70,良,2
2018-02-02,-1℃,-10℃,晴,北风,3-4级,31,优,1
2018-02-03,1℃,-9℃,多云,南风,1-2级,23,优,1
2018-02-04,1℃,-8℃,晴,南风,1-2级,37,优,1
2018-02-05,1℃,-9℃,晴,北风,3-4级,21,优,1
2018-02-06,4℃,-6℃,多云~阴,南风,1-2级,60,良,2
2018-02-07,3℃,-9℃,多云~晴,北风,4-5级,65,良,2
2018-02-08,3℃,-7℃,多云,南风,3-4级,59,良,2
2018-02-09,4℃,-9℃,多云,西北风,4-5级,95,良,2
2018-02-10,1℃,-10℃,晴,西北风,3-4级,30,优,1
2018-02-11,1℃,-9℃,晴,西北风,3-4级,57,良,2
2018-02-12,6℃,-6℃,晴,南风,3-4级,48,优,1
2018-02-13,8℃,-3℃,晴~多云,北风,1-2级,82,良,2
2018-02-14,7℃,-5℃,多云,北风,1-2级,34,优,1
2018-02-15,6℃,-5℃,多云,西南风,1-2级,54,良,2
2018-02-16,8℃,-5℃,晴~多云,北风,1-2级,124,轻度污染,3
2018-02-17,6℃,-4℃,多云~阴,南风,1-2级,103,轻度污染,3
2018-02-18,9℃,-2℃,多云,西南风,1-2级,149,轻度污染,3
2018-02-19,7℃,-3℃,多云,东北风,1-2级,171,中度污染,4
2018-02-20,5℃,-4℃,晴,北风,1-2级,86,良,2
2018-02-21,9℃,-4℃,晴,南风,1-2级,62,良,2
2018-02-22,10℃,-4℃,多云,北风,1-2级,39,优,1
2018-02-23,10℃,-4℃,多云,东北风,1-2级,44,优,1
2018-02-24,3℃,-6℃,多云~晴,南风,1-2级,57,良,2
2018-02-25,6℃,-4℃,多云,西南风,1-2级,76,良,2
2018-02-26,12℃,1℃,晴~多云,北风,1-2级,152,中度污染,4
2018-02-27,7℃,0℃,阴,东北风,1-2级,214,重度污染,5
2018-02-28,10℃,-2℃,多云~晴,西北风,3-4级,129,轻度污染,3
2018-03-01,9℃,-2℃,多云,南风,1-2级,45,优,1
2018-03-02,10℃,-1℃,晴~多云,东北风,1-2级,96,良,2
2018-03-03,14℃,3℃,多云~阴,北风,1-2级,218,重度污染,5
2018-03-04,8℃,-1℃,阴~多云,东南风,1-2级,146,轻度污染,3
2018-03-05,9℃,-2℃,晴,南风,1-2级,84,良,2
2018-03-06,7℃,-2℃,多云~阴,东南风,3-4级,61,良,2
2018-03-07,7℃,-3℃,阴~多云,北风,1-2级,62,良,2
2018-03-08,8℃,-3℃,晴,西南风,1-2级,54,良,2
2018-03-09,10℃,-2℃,多云,南风,1-2级,133,轻度污染,3
2018-03-10,15℃,-2℃,晴,南风,1-2级,169,中度污染,4
2018-03-11,11℃,2℃,多云,东北风,1-2级,83,良,2
2018-03-12,15℃,3℃,多云~晴,西南风,1-2级,184,中度污染,4
2018-03-13,17℃,5℃,晴~多云,南风,1-2级,298,重度污染,5
2018-03-14,15℃,6℃,多云~阴,东北风,1-2级,278,重度污染,5
2018-03-15,13℃,0℃,多云~晴,北风,3-4级,79,良,2
2018-03-16,10℃,-1℃,多云,南风,1-2级,55,良,2
2018-03-17,4℃,0℃,小雨~阴,南风,1-2级,76,良,2
2018-03-18,13℃,2℃,多云~晴,西南风,1-2级,131,轻度污染,3
2018-03-19,14℃,2℃,多云,东北风,1-2级,110,轻度污染,3
2018-03-20,10℃,-2℃,多云,南风,1-2级,42,优,1
2018-03-21,12℃,2℃,多云,西南风,1-2级,79,良,2
2018-03-22,17℃,5℃,晴~多云,西南风,1-2级,111,轻度污染,3
2018-03-23,18℃,7℃,多云,东北风,1-2级,151,中度污染,4
2018-03-24,22℃,5℃,晴,西南风,1-2级,151,中度污染,4
2018-03-25,24℃,7℃,晴,西南风,1-2级,78,良,2
2018-03-26,26℃,7℃,多云,西南风,1-2级,162,中度污染,4
2018-03-27,27℃,12℃,晴,南风,1-2级,244,重度污染,5
2018-03-28,25℃,9℃,多云~晴,南风,1-2级,382,严重污染,6
2018-03-29,20℃,7℃,扬沙~晴,南风,1-2级,111,轻度污染,3
2018-03-30,19℃,8℃,多云,南风,1-2级,69,良,2
2018-03-31,24℃,9℃,多云~晴,南风,1-2级,144,轻度污染,3
2018-04-01,26℃,12℃,晴~多云,南风,1-2级,223,重度污染,5
2018-04-02,27℃,12℃,多云,北风,1-2级,254,重度污染,5
2018-04-03,14℃,6℃,多云~阴,东北风,3-4级,90,良,2
2018-04-04,9℃,1℃,雨夹雪,东北风,1-2级,36,优,1
2018-04-05,10℃,3℃,多云,西南风,1-2级,68,良,2
2018-04-06,11℃,4℃,多云~晴,北风,4-5级,85,良,2
2018-04-07,13℃,2℃,多云~晴,南风,3-4级,43,优,1
2018-04-08,19℃,5℃,晴,西南风,1-2级,68,良,2
2018-04-09,20℃,8℃,晴~多云,东北风,1-2级,113,轻度污染,3
2018-04-10,24℃,8℃,扬沙~晴,西北风,4-5级,102,轻度污染,3
2018-04-11,23℃,9℃,晴,西南风,3-4级,50,优,1
2018-04-12,22℃,7℃,多云~小雨,东南风,1-2级,83,良,2
2018-04-13,11℃,6℃,小雨~多云,南风,1-2级,64,良,2
2018-04-14,19℃,5℃,晴,北风,4-5级,128,轻度污染,3
2018-04-15,21℃,8℃,晴,西南风,1-2级,82,良,2
2018-04-16,23℃,12℃,晴~多云,西南风,3-4级,108,轻度污染,3
2018-04-17,25℃,11℃,多云,西南风,1-2级,144,轻度污染,3
2018-04-18,28℃,14℃,多云~晴,西南风,1-2级,146,轻度污染,3
2018-04-19,26℃,13℃,多云,东南风,4-5级,170,中度污染,4
2018-04-20,28℃,14℃,多云~小雨,南风,4-5级,162,中度污染,4
2018-04-21,16℃,12℃,中雨~小雨,北风,3-4级,113,轻度污染,3
2018-04-22,17℃,12℃,阴~多云,东北风,3-4级,28,优,1
2018-04-23,22℃,9℃,多云,北风,1-2级,32,优,1
2018-04-24,24℃,10℃,晴,北风,3-4级,44,优,1
2018-04-25,25℃,11℃,晴,南风,3-4级,58,良,2
2018-04-26,27℃,12℃,多云~晴,西南风,1-2级,139,轻度污染,3
2018-04-27,25℃,13℃,晴,西南风,3-4级,125,轻度污染,3
2018-04-28,27℃,17℃,晴,南风,3-4级,138,轻度污染,3
2018-04-29,29℃,16℃,多云,南风,3-4级,182,中度污染,4
2018-04-30,24℃,14℃,多云,南风,3-4级,66,良,2
2018-05-01,26℃,13℃,阴~多云,东北风,4-5级,159,中度污染,4
2018-05-02,26℃,13℃,多云~晴,北风,3-4级,43,优,1
2018-05-03,25℃,12℃,晴,南风,3-4级,53,良,2
2018-05-04,28℃,16℃,晴~多云,西南风,3-4级,91,良,2
2018-05-05,26℃,12℃,多云,北风,3-4级,215,重度污染,5
2018-05-06,29℃,14℃,晴,南风,3-4级,141,轻度污染,3
2018-05-07,28℃,12℃,晴,南风,3-4级,111,轻度污染,3
2018-05-08,27℃,13℃,晴,南风,3-4级,71,良,2
2018-05-09,30℃,16℃,晴~多云,南风,3-4级,86,良,2
2018-05-10,27℃,18℃,多云,南风,3-4级,128,轻度污染,3
2018-05-11,25℃,15℃,阴~多云,东北风,1-2级,95,良,2
2018-05-12,29℃,16℃,小雨~多云,南风,3-4级,186,中度污染,4
2018-05-13,31℃,17℃,晴,南风,3-4级,75,良,2
2018-05-14,34℃,22℃,晴~多云,南风,3-4级,149,轻度污染,3
2018-05-15,32℃,23℃,小雨~雷阵雨,南风,1-2级,91,良,2
2018-05-16,29℃,21℃,多云~雷阵雨,东南风,1-2级,115,轻度污染,3
2018-05-17,25℃,19℃,小雨~多云,北风,1-2级,73,良,2
2018-05-18,29℃,16℃,多云~晴,东风,1-2级,49,优,1
2018-05-19,28℃,17℃,多云~小雨,南风,1-2级,73,良,2
2018-05-20,21℃,16℃,阴~小雨,东北风,1-2级,56,良,2
2018-05-21,18℃,14℃,小雨,南风,1-2级,80,良,2
2018-05-22,25℃,10℃,多云~晴,西北风,4-5级,88,良,2
2018-05-23,29℃,16℃,晴,西南风,3-4级,173,中度污染,4
2018-05-24,32℃,18℃,晴,西南风,3-4级,113,轻度污染,3
2018-05-25,32℃,19℃,多云,西南风,3-4级,103,轻度污染,3
2018-05-26,31℃,17℃,雷阵雨~多云,西南风,3-4级,149,轻度污染,3
2018-05-27,33℃,17℃,多云,西南风,3-4级,92,良,2
2018-05-28,31℃,18℃,晴,西北风,4-5级,178,中度污染,4
2018-05-29,32℃,18℃,多云,西北风,1-2级,44,优,1
2018-05-30,34℃,19℃,晴,西风,1-2级,49,优,1
2018-05-31,36℃,20℃,晴,南风,3-4级,75,良,2
2018-06-01,37℃,21℃,晴,西南风,3-4级,71,良,2
2018-06-02,35℃,22℃,多云,南风,4-5级,98,良,2
2018-06-03,32℃,20℃,多云,北风,1-2级,91,良,2
2018-06-04,36℃,19℃,晴,西南风,3-4级,77,良,2
2018-06-05,39℃,25℃,多云,西南风,4-5级,93,良,2
2018-06-06,36℃,25℃,多云,东北风,1-2级,118,轻度污染,3
2018-06-07,33℃,23℃,多云,西风,1-2级,60,良,2
2018-06-08,32℃,20℃,多云~雷阵雨,西南风,1-2级,43,优,1
2018-06-09,23℃,17℃,小雨,北风,1-2级,43,优,1
2018-06-10,27℃,17℃,多云,东南风,1-2级,51,良,2
2018-06-11,30℃,19℃,多云,西南风,3-4级,77,良,2
2018-06-12,32℃,19℃,多云~雷阵雨,南风,1-2级,113,轻度污染,3
2018-06-13,28℃,19℃,雷阵雨~多云,东北风,1-2级,75,良,2
2018-06-14,32℃,19℃,多云,西南风,1-2级,54,良,2
2018-06-15,32℃,20℃,多云,东南风,3-4级,119,轻度污染,3
2018-06-16,31℃,22℃,多云~雷阵雨,西南风,1-2级,101,轻度污染,3
2018-06-17,32℃,21℃,阴~雷阵雨,南风,1-2级,72,良,2
2018-06-18,31℃,21℃,雷阵雨,西南风,1-2级,118,轻度污染,3
2018-06-19,32℃,20℃,多云~晴,北风,3-4级,87,良,2
2018-06-20,35℃,21℃,晴,南风,1-2级,68,良,2
2018-06-21,36℃,24℃,多云,西南风,1-2级,79,良,2
2018-06-22,30℃,21℃,雷阵雨~多云,南风,1-2级,82,良,2
2018-06-23,36℃,23℃,多云~晴,南风,3-4级,99,良,2
2018-06-24,37℃,25℃,多云,南风,3-4级,93,良,2
2018-06-25,34℃,24℃,雷阵雨,北风,1-2级,102,轻度污染,3
2018-06-26,36℃,25℃,晴,西南风,3-4级,183,中度污染,4
2018-06-27,38℃,26℃,多云,北风,1-2级,58,良,2
2018-06-28,36℃,24℃,多云~晴,东风,1-2级,37,优,1
2018-06-29,38℃,24℃,晴,南风,3-4级,53,良,2
2018-06-30,37℃,23℃,雷阵雨~多云,东南风,3-4级,77,良,2
2018-07-01,35℃,23℃,晴,东南风,3-4级,74,良,2
2018-07-02,32℃,23℃,多云~雷阵雨,东南风,3-4级,69,良,2
2018-07-03,32℃,24℃,雷阵雨~多云,东南风,1-2级,77,良,2
2018-07-04,36℃,25℃,多云,西南风,1-2级,94,良,2
2018-07-05,37℃,24℃,多云~雷阵雨,东北风,1-2级,115,轻度污染,3
2018-07-06,33℃,23℃,阴~雷阵雨,东南风,3-4级,70,良,2
2018-07-07,31℃,22℃,雷阵雨,东南风,1-2级,69,良,2
2018-07-08,30℃,23℃,雷阵雨,南风,1-2级,73,良,2
2018-07-09,30℃,22℃,雷阵雨~多云,东南风,1-2级,100,良,2
2018-07-10,30℃,23℃,多云~雷阵雨,南风,1-2级,47,优,1
2018-07-11,25℃,22℃,中雨~大雨,东北风,1-2级,38,优,1
2018-07-12,27℃,22℃,多云,南风,1-2级,56,良,2
2018-07-13,27℃,23℃,雷阵雨,北风,1-2级,63,良,2
2018-07-14,31℃,25℃,雷阵雨~小雨,东南风,1-2级,70,良,2
2018-07-15,32℃,25℃,雷阵雨,南风,1-2级,86,良,2
2018-07-16,31℃,25℃,雷阵雨,南风,1-2级,48,优,1
2018-07-17,27℃,23℃,中雨,西风,1-2级,32,优,1
2018-07-18,33℃,25℃,多云,南风,1-2级,108,轻度污染,3
2018-07-19,33℃,27℃,多云~雷阵雨,南风,1-2级,96,良,2
2018-07-20,33℃,27℃,多云,西南风,3-4级,115,轻度污染,3
2018-07-21,35℃,27℃,多云~雷阵雨,南风,3-4级,92,良,2
2018-07-22,34℃,25℃,多云,北风,1-2级,75,良,2
2018-07-23,32℃,25℃,小雨~中雨,东风,1-2级,77,良,2
2018-07-24,29℃,25℃,暴雨~雷阵雨,北风,3-4级,30,优,1
2018-07-25,32℃,25℃,多云,北风,1-2级,30,优,1
2018-07-26,33℃,25℃,多云~雷阵雨,东北风,1-2级,42,优,1
2018-07-27,32℃,23℃,多云,南风,1-2级,70,良,2
2018-07-28,33℃,24℃,多云~晴,南风,1-2级,78,良,2
2018-07-29,33℃,25℃,小雨~多云,东南风,1-2级,103,轻度污染,3
2018-07-30,34℃,25℃,晴,东南风,1-2级,104,轻度污染,3
2018-07-31,35℃,26℃,晴,南风,1-2级,88,良,2
2018-08-01,36℃,26℃,多云~雷阵雨,东南风,1-2级,90,良,2
2018-08-02,37℃,26℃,多云~晴,南风,1-2级,132,轻度污染,3
2018-08-03,37℃,26℃,晴,南风,1-2级,75,良,2
