date,temp_high,temp_low,weather,wind,aqi,aqiInfo,aqiLevel
2016-01-01,9℃,1℃,晴~多云,西南风,5-6级,77,良,2
2016-01-02,10℃,1℃,晴,西南风,3-4级,302,严重污染,6
2016-01-03,8℃,0℃,晴~多云,东北风,3-4级,236,重度污染,5
2016-01-04,3℃,-2℃,多云~晴,北风,4-5级,52,良,2
2016-01-05,2℃,-2℃,晴~多云,西北风,4-5级,76,良,2
2016-01-06,3℃,-3℃,晴~多云,西北风,4-5级,26,优,1
2016-01-07,2℃,-3℃,阴~多云,北风,4-5级,71,良,2
2016-01-08,2℃,-4℃,多云~阴,西北风,4-5级,39,优,1
2016-01-09,4℃,-4℃,晴~多云,西风,4-5级,141,轻度污染,3
2016-01-10,2℃,-3℃,晴~多云,西风,4-5级,36,优,1
2016-01-11,-1℃,-4℃,阵雪~小雪,北风,4-5级,24,优,1
2016-01-12,-2℃,-5℃,阵雪~多云,西北风,4-5级,62,良,2
2016-01-13,0℃,-6℃,多云,西北风,6-7级,56,良,2
2016-01-14,4℃,-4℃,晴,西风,4-5级,172,中度污染,4
2016-01-15,5℃,-3℃,晴~多云,西北风,3-4级,215,重度污染,5
2016-01-16,6℃,-4℃,多云~阵雪,北风,3-4级,256,重度污染,5
2016-01-17,1℃,-7℃,小雪,东北风,5-6级,37,优,1
2016-01-18,-4℃,-9℃,中雪,西北风,6-7级,43,优,1
2016-01-19,-5℃,-8℃,阵雪~多云,西北风,6-7级,23,优,1
2016-01-20,-4℃,-8℃,多云~晴,北风,5-6级,44,优,1
2016-01-21,-2℃,-6℃,多云,东北风,4-5级,64,良,2
2016-01-22,-5℃,-11℃,小雪~中到大雪,北风,5-6级,32,优,1
2016-01-23,-9℃,-12℃,暴雪~中雪,西北风,6-7级,23,优,1
2016-01-24,-6℃,-11℃,小雪~多云,西北风,6-7级,66,良,2
2016-01-25,0℃,-6℃,晴~多云,西北风,3-4级,66,良,2
2016-01-26,1℃,-6℃,晴,西风,4-5级,89,良,2
2016-01-27,3℃,-6℃,晴,西北风,3-4级,114,轻度污染,3
2016-01-28,5℃,-3℃,晴,东北风,4-5级,114,轻度污染,3
2016-01-29,1℃,-5℃,多云~阴,东北风,4-5级,43,优,1
2016-01-30,-3℃,-6℃,多云,东北风,5-6级,35,优,1
2016-01-31,-3℃,-7℃,多云~阴,西北风,4-5级,49,优,1
2016-02-01,0℃,-6℃,多云,西北风,4-5级,42,优,1
2016-02-02,2℃,-6℃,晴,西北风,3-4级,68,良,2
2016-02-03,5℃,-4℃,晴,西风,3-4级,96,良,2
2016-02-04,3℃,-5℃,多云~阴,北风,3-4级,84,良,2
2016-02-05,1℃,-5℃,多云~阴,西北风,3-4级,60,良,2
2016-02-06,2℃,-5℃,晴,西北风,3-4级,45,优,1
2016-02-07,5℃,-2℃,晴,西南风,3-4级,101,轻度污染,3
2016-02-08,9℃,-2℃,晴~多云,西南风,3-4级,170,中度污染,4
2016-02-09,6℃,0℃,晴,北风,3-4级,88,良,2
2016-02-10,11℃,5℃,晴,东南风,4-5级,59,良,2
2016-02-11,10℃,4℃,小雨,东南风,3-4级,47,优,1
2016-02-12,9℃,3℃,多云~中雨,东北风,3-4级,49,优,1
2016-02-13,3℃,-5℃,雨夹雪~中雪,北风,6-7级,32,优,1
2016-02-14,-3℃,-7℃,阴~多云,西北风,6-7级,39,优,1
2016-02-15,-1℃,-5℃,晴,西北风,5-6级,37,优,1
2016-02-16,4℃,-4℃,晴,西北风,4-5级,58,良,2
2016-02-17,8℃,0℃,晴,西南风,3-4级,66,良,2
2016-02-18,7℃,0℃,晴,西南风,4-5级,76,良,2
2016-02-19,5℃,-3℃,多云~阵雪,西北风,3-4级,68,良,2
2016-02-20,2℃,-4℃,阴~多云,北风,5-6级,47,优,1
2016-02-21,5℃,-1℃,晴~多云,西北风,3-4级,52,良,2
2016-02-22,6℃,-3℃,小雨~雨夹雪,西南风,5-6级,123,轻度污染,3
2016-02-23,2℃,-6℃,多云~晴,北风,4-5级,114,轻度污染,3
2016-02-24,3℃,-3℃,多云,西南风,3-4级,53,良,2
2016-02-25,6℃,-4℃,晴~多云,西北风,4-5级,71,良,2
2016-02-26,6℃,-1℃,多云,南风,3-4级,86,良,2
2016-02-27,7℃,-1℃,多云,南风,3-4级,97,良,2
2016-02-28,4℃,-4℃,雨夹雪~阴,东北风,3-4级,57,良,2
2016-02-29,2℃,-5℃,阵雪~晴,西北风,6-7级,42,优,1
2016-03-01,9℃,-4℃,多云~晴,西南风,4-5级,56,良,2
2016-03-02,16℃,3℃,晴,西南风,3-4级,104,轻度污染,3
2016-03-03,18℃,7℃,晴~多云,西南风,5-6级,136,轻度污染,3
2016-03-04,18℃,6℃,多云~阵雨,南风,4-5级,96,良,2
2016-03-05,10℃,0℃,小雨~晴,西北风,5-6级,94,良,2
2016-03-06,12℃,4℃,晴~多云,西北风,4-5级,153,中度污染,4
2016-03-07,12℃,0℃,多云,北风,3-4级,95,良,2
2016-03-08,3℃,-3℃,阴,北风,6-7级,47,优,1
2016-03-09,2℃,-4℃,多云~阴,北风,5-6级,37,优,1
2016-03-10,2℃,-4℃,晴,西北风,4-5级,48,优,1
2016-03-11,7℃,-2℃,晴,西北风,3-4级,67,良,2
2016-03-12,11℃,1℃,多云~阵雨,南风,3-4级,105,轻度污染,3
2016-03-13,8℃,-1℃,中雨~多云,南风,4-5级,90,良,2
2016-03-14,10℃,3℃,晴,西南风,3-4级,81,良,2
2016-03-15,12℃,3℃,晴~多云,西南风,3-4级,63,良,2
2016-03-16,15℃,4℃,晴~多云,西南风,3-4级,51,良,2
2016-03-17,18℃,7℃,多云,南风,5-6级,59,良,2
2016-03-18,17℃,4℃,晴,南风,4-5级,82,良,2
2016-03-19,10℃,3℃,多云~晴,东北风,3-4级,70,良,2
2016-03-20,10℃,3℃,多云~晴,东北风,3-4级,64,良,2
2016-03-21,14℃,6℃,晴~阴,南风,3-4级,94,良,2
2016-03-22,10℃,4℃,晴~多云,北风,4-5级,115,轻度污染,3
2016-03-23,8℃,2℃,晴~多云,东北风,5-6级,50,优,1
2016-03-24,9℃,2℃,晴~多云,北风,4-5级,44,优,1
2016-03-25,10℃,2℃,晴~多云,北风,4-5级,47,优,1
2016-03-26,12℃,4℃,晴,西北风,3-4级,86,良,2
2016-03-27,16℃,6℃,晴,西北风,3-4级,91,良,2
2016-03-28,22℃,10℃,晴~阴,西南风,5-6级,94,良,2
2016-03-29,14℃,7℃,多云~晴,西北风,4-5级,76,良,2
2016-03-30,16℃,9℃,多云~晴,东北风,3-4级,73,良,2
2016-03-31,22℃,10℃,多云~晴,西南风,4-5级,54,良,2
2016-04-01,22℃,8℃,阴,南风,5-6级,96,良,2
2016-04-02,12℃,7℃,多云~阴,东北风,5-6级,82,良,2
2016-04-03,12℃,3℃,多云~晴,东北风,3-4级,52,良,2
2016-04-04,16℃,8℃,晴,南风,3-4级,66,良,2
2016-04-05,20℃,9℃,晴~多云,南风,3-4级,108,轻度污染,3
2016-04-06,19℃,9℃,阴~多云,东南风,4-5级,73,良,2
2016-04-07,17℃,8℃,阴~多云,北风,4-5级,94,良,2
2016-04-08,21℃,11℃,晴,西南风,3-4级,102,轻度污染,3
2016-04-09,19℃,8℃,晴,西南风,3-4级,149,轻度污染,3
2016-04-10,14℃,7℃,晴,东北风,5-6级,88,良,2
2016-04-11,16℃,9℃,晴~多云,东风,3-4级,50,优,1
2016-04-12,18℃,11℃,多云~阴,南风,5-6级,57,良,2
2016-04-13,21℃,10℃,晴,南风,4-5级,73,良,2
2016-04-14,17℃,9℃,晴,北风,3-4级,89,良,2
2016-04-15,22℃,10℃,多云,南风,4-5级,69,良,2
2016-04-16,14℃,8℃,小到中雨~阴,东南风,5-6级,44,优,1
2016-04-17,14℃,8℃,多云~晴,北风,5-6级,51,良,2
2016-04-18,17℃,6℃,阵雨~晴,西北风,5-6级,59,良,2
2016-04-19,20℃,11℃,晴~多云,南风,3-4级,56,良,2
2016-04-20,18℃,9℃,多云,南风,5-6级,53,良,2
2016-04-21,24℃,12℃,晴,西南风,4-5级,93,良,2
2016-04-22,16℃,9℃,多云,北风,4-5级,167,中度污染,4
2016-04-23,17℃,10℃,晴~多云,西北风,3-4级,249,重度污染,5
2016-04-24,22℃,12℃,多云~晴,东南风,3-4级,204,重度污染,5
2016-04-25,24℃,12℃,晴~多云,南风,3-4级,117,轻度污染,3
2016-04-26,21℃,11℃,多云,东南风,3-4级,85,良,2
2016-04-27,17℃,10℃,多云,东北风,3-4级,103,轻度污染,3
2016-04-28,18℃,9℃,多云~晴,北风,4-5级,76,良,2
2016-04-29,24℃,15℃,晴~多云,南风,4-5级,75,良,2
2016-04-30,28℃,19℃,多云,西南风,5-6级,91,良,2
2016-05-01,31℃,16℃,多云~阵雨,南风,5-6级,87,良,2
2016-05-02,23℃,12℃,雷阵雨~小到中雨,南风,5-6级,52,良,2
2016-05-03,15℃,12℃,雷阵雨~多云,西北风,6-7级,39,优,1
2016-05-04,22℃,14℃,晴~多云,西北风,4-5级,55,良,2
2016-05-05,24℃,12℃,雷阵雨,南风,5-6级,60,良,2
2016-05-06,19℃,10℃,多云,西北风,5-6级,130,轻度污染,3
2016-05-07,20℃,11℃,多云~晴,北风,4-5级,58,良,2
2016-05-08,22℃,13℃,晴~多云,南风,3-4级,63,良,2
2016-05-09,19℃,13℃,小雨~多云,南风,3-4级,48,优,1
2016-05-10,20℃,12℃,晴,西北风,3-4级,69,良,2
2016-05-11,28℃,16℃,晴~多云,南风,3-4级,89,良,2
2016-05-12,26℃,9℃,雷阵雨~阵雨,南风,5-6级,81,良,2
2016-05-13,18℃,12℃,晴,东南风,3-4级,46,优,1
2016-05-14,22℃,11℃,晴~中到大雨,南风,3-4级,55,良,2
2016-05-15,15℃,11℃,中雨~晴,西北风,4-5级,44,优,1
2016-05-16,24℃,14℃,晴,西风,4-5级,57,良,2
2016-05-17,28℃,16℃,晴,南风,3-4级,67,良,2
2016-05-18,26℃,14℃,晴,南风,4-5级,54,良,2
2016-05-19,27℃,16℃,晴,东南风,3-4级,56,良,2
2016-05-20,26℃,15℃,晴,东南风,3-4级,60,良,2
2016-05-21,24℃,15℃,晴,东北风,3-4级,65,良,2
2016-05-22,24℃,16℃,多云,东南风,3-4级,69,良,2
2016-05-23,20℃,13℃,雷阵雨~阵雨,东南风,4-5级,63,良,2
2016-05-24,24℃,17℃,多云~晴,西风,4-5级,80,良,2
2016-05-25,27℃,15℃,多云,西南风,4-5级,66,良,2
2016-05-26,26℃,16℃,晴~多云,西北风,3-4级,72,良,2
2016-05-27,27℃,17℃,晴~多云,南风,3-4级,91,良,2
2016-05-28,24℃,16℃,多云~阴,南风,3-4级,112,轻度污染,3
2016-05-29,24℃,16℃,晴,南风,3-4级,76,良,2
2016-05-30,32℃,17℃,晴~多云,西南风,4-5级,107,轻度污染,3
2016-05-31,24℃,16℃,多云,东北风,5-6级,69,良,2
2016-06-01,23℃,16℃,晴,东北风,3-4级,44,优,1
2016-06-02,26℃,18℃,晴,北风,3-4级,63,良,2
2016-06-03,28℃,17℃,多云,南风,3-4级,47,优,1
2016-06-04,24℃,16℃,阴~多云,东南风,3-4级,37,优,1
2016-06-05,23℃,17℃,多云,东北风,3-4级,44,优,1
2016-06-06,25℃,16℃,多云~阴,南风,3-4级,46,优,1
2016-06-07,25℃,18℃,阴,北风,3-4级,51,良,2
2016-06-08,27℃,17℃,晴,南风,3-4级,65,良,2
2016-06-09,28℃,19℃,晴,南风,3-4级,70,良,2
2016-06-10,29℃,19℃,多云~阵雨,南风,5-6级,41,优,1
2016-06-11,28℃,17℃,阵雨~多云,西南风,4-5级,55,良,2
2016-06-12,26℃,17℃,晴~多云,东北风,3-4级,54,良,2
2016-06-13,29℃,19℃,多云~阴,东南风,4-5级,52,良,2
2016-06-14,23℃,18℃,中雨~中到大雨,南风,5-6级,48,优,1
2016-06-15,21℃,17℃,阵雨~多云,西北风,4-5级,50,优,1
2016-06-16,29℃,22℃,晴,西北风,4-5级,58,良,2
2016-06-17,32℃,22℃,晴~多云,西南风,5-6级,79,良,2
2016-06-18,32℃,22℃,阴~多云,南风,4-5级,76,良,2
2016-06-19,30℃,22℃,晴~多云,南风,3-4级,60,良,2
2016-06-20,28℃,22℃,多云,东南风,4-5级,71,良,2
2016-06-21,29℃,21℃,多云,南风,3-4级,38,优,1
2016-06-22,28℃,21℃,多云~雷阵雨,东南风,3-4级,41,优,1
2016-06-23,29℃,20℃,雷阵雨,南风,4-5级,33,优,1
2016-06-24,24℃,20℃,多云~晴,北风,4-5级,38,优,1
2016-06-25,29℃,20℃,晴,西风,3-4级,47,优,1
2016-06-26,32℃,22℃,晴,西南风,3-4级,57,良,2
2016-06-27,31℃,20℃,多云,南风,5-6级,76,良,2
2016-06-28,29℃,20℃,多云,东南风,4-5级,50,优,1
2016-06-29,30℃,21℃,雷阵雨,南风,5-6级,41,优,1
2016-06-30,30℃,22℃,多云~雷阵雨,南风,5-6级,57,良,2
2016-07-01,26℃,20℃,阵雨~多云,东北风,4-5级,42,优,1
2016-07-02,27℃,20℃,晴,北风,3-4级,60,良,2
2016-07-03,28℃,19℃,多云~晴,东南风,3-4级,61,良,2
2016-07-04,25℃,19℃,多云~雷阵雨,东南风,3-4级,59,良,2
2016-07-05,23℃,20℃,多云,东北风,4-5级,47,优,1
2016-07-06,25℃,20℃,多云,东南风,3-4级,43,优,1
2016-07-07,27℃,22℃,阴~多云,东南风,3-4级,34,优,1
2016-07-08,28℃,23℃,晴~多云,东南风,3-4级,28,优,1
2016-07-09,30℃,23℃,晴~多云,南风,3-4级,35,优,1
2016-07-10,31℃,22℃,多云,南风,3-4级,49,优,1
2016-07-11,31℃,22℃,晴~阴,东南风,3-4级,40,优,1
2016-07-12,31℃,23℃,阴~多云,东南风,3-4级,35,优,1
2016-07-13,29℃,23℃,晴,北风,3-4级,44,优,1
2016-07-14,29℃,22℃,晴~多云,东北风,3-4级,58,良,2
2016-07-15,25℃,21℃,雷阵雨,北风,3-4级,61,良,2
2016-07-16,26℃,21℃,多云,东风,3-4级,27,优,1
2016-07-17,28℃,21℃,小雨~多云,东南风,3-4级,37,优,1
2016-07-18,29℃,22℃,晴,东南风,3-4级,65,良,2
2016-07-19,29℃,23℃,阴~中雨,东南风,4-5级,57,良,2
2016-07-20,26℃,23℃,中到大雨~小到中雨,东南风,6-7级,33,优,1
2016-07-21,31℃,24℃,雷阵雨~阵雨,南风,4-5级,49,优,1
2016-07-22,32℃,27℃,雷阵雨~阵雨,西南风,3-4级,57,良,2
2016-07-23,33℃,27℃,雷阵雨~多云,西南风,3-4级,50,优,1
2016-07-24,35℃,25℃,多云,南风,3-4级,61,良,2
2016-07-25,35℃,25℃,雷阵雨,南风,4-5级,64,良,2
2016-07-26,28℃,24℃,雷阵雨,南风,4-5级,44,优,1
2016-07-27,32℃,23℃,多云~晴,南风,3-4级,58,良,2
2016-07-28,31℃,24℃,多云,南风,3-4级,76,良,2
2016-07-29,34℃,25℃,多云~阴,南风,3-4级,86,良,2
2016-07-30,33℃,26℃,雷阵雨~多云,东南风,3-4级,65,良,2
2016-07-31,32℃,24℃,多云~雷阵雨,南风,3-4级,44,优,1
2016-08-01,32℃,23℃,雷阵雨~阵雨,南风,3-4级,32,优,1
2016-08-02,30℃,23℃,雷阵雨~多云,南风,3-4级,39,优,1
2016-08-03,29℃,23℃,多云,东南风,3-4级,32,优,1
2016-08-04,29℃,24℃,晴,东风,3-4级,37,优,1
2016-08-05,30℃,24℃,多云~晴,东南风,3-4级,43,优,1
2016-08-06,31℃,24℃,多云,东南风,3-4级,48,优,1
2016-08-07,31℃,25℃,多云~阵雨,东南风,3-4级,40,优,1
2016-08-08,29℃,24℃,多云,东南风,3-4级,35,优,1
2016-08-09,31℃,24℃,多云~晴,东风,3-4级,51,良,2
2016-08-10,32℃,25℃,多云~晴,南风,3-4级,41,优,1
2016-08-11,34℃,26℃,多云~晴,南风,3-4级,58,良,2
2016-08-12,35℃,26℃,晴,西南风,3-4级,40,优,1
2016-08-13,33℃,25℃,多云~雷阵雨,南风,3-4级,56,良,2
2016-08-14,30℃,25℃,雷阵雨,西南风,3-4级,78,良,2
2016-08-15,30℃,25℃,阴~多云,北风,3-4级,54,良,2
2016-08-16,30℃,23℃,多云~晴,北风,3-4级,49,优,1
2016-08-17,30℃,23℃,晴~多云,东北风,3-4级,61,良,2
2016-08-18,31℃,25℃,多云~阴,南风,3-4级,46,优,1
2016-08-19,30℃,24℃,雷阵雨~中到大雨,南风,4-5级,39,优,1
2016-08-20,30℃,25℃,雷阵雨~阵雨,南风,5-6级,28,优,1
2016-08-21,29℃,24℃,多云,东北风,3-4级,26,优,1
2016-08-22,29℃,23℃,晴,东北风,3-4级,49,优,1
2016-08-23,30℃,22℃,晴,北风,3-4级,57,良,2
2016-08-24,31℃,23℃,多云~阴,南风,3-4级,59,良,2
2016-08-25,28℃,23℃,雷阵雨~阴,西南风,3-4级,42,优,1
2016-08-26,25℃,21℃,多云~晴,东北风,4-5级,33,优,1
2016-08-27,26℃,20℃,晴,东北风,4-5级,50,优,1
2016-08-28,26℃,21℃,晴,北风,3-4级,45,优,1
2016-08-29,26℃,21℃,晴~多云,北风,5-6级,47,优,1
2016-08-30,25℃,20℃,多云,西北风,6-7级,56,良,2
2016-08-31,27℃,19℃,多云~阴,西北风,5-6级,51,良,2
2016-09-01,27℃,18℃,阴~多云,西北风,5-6级,54,良,2
2016-09-02,27℃,19℃,阵雨~多云,南风,3-4级,56,良,2
2016-09-03,27℃,19℃,多云,东风,3-4级,61,良,2
2016-09-04,27℃,20℃,多云~阴,东风,3-4级,62,良,2
2016-09-05,29℃,21℃,阵雨~多云,南风,3-4级,72,良,2
2016-09-06,31℃,21℃,多云~阴,西南风,4-5级,82,良,2
2016-09-07,25℃,18℃,雷阵雨,北风,3-4级,56,良,2
2016-09-08,27℃,19℃,多云,北风,3-4级,56,良,2
2016-09-09,29℃,19℃,晴~多云,南风,3-4级,86,良,2
2016-09-10,27℃,20℃,阴~雷阵雨,南风,3-4级,64,良,2
2016-09-11,28℃,19℃,雷阵雨,南风,3-4级,64,良,2
2016-09-12,27℃,19℃,雷阵雨,东南风,3-4级,58,良,2
2016-09-13,26℃,19℃,多云~晴,北风,3-4级,60,良,2
2016-09-14,27℃,21℃,多云,南风,3-4级,67,良,2
2016-09-15,28℃,19℃,晴,南风,3-4级,88,良,2
2016-09-16,27℃,21℃,多云,南风,3-4级,54,良,2
2016-09-17,25℃,19℃,阴~多云,东北风,4-5级,52,良,2
2016-09-18,23℃,19℃,晴,东北风,5-6级,40,优,1
2016-09-19,23℃,19℃,晴,东北风,5-6级,46,优,1
2016-09-20,23℃,14℃,晴,东北风,3-4级,38,优,1
2016-09-21,24℃,16℃,晴,东南风,3-4级,50,优,1
2016-09-22,26℃,17℃,晴,南风,3-4级,49,优,1
2016-09-23,28℃,19℃,晴,南风,4-5级,45,优,1
2016-09-24,28℃,19℃,晴,南风,4-5级,37,优,1
2016-09-25,28℃,19℃,多云,南风,3-4级,43,优,1
2016-09-26,28℃,19℃,多云~阴,南风,3-4级,44,优,1
2016-09-27,25℃,15℃,阵雨~阴,南风,4-5级,46,优,1
2016-09-28,19℃,13℃,多云~晴,东北风,5-6级,38,优,1
2016-09-29,20℃,12℃,多云~晴,东北风,4-5级,34,优,1
2016-09-30,22℃,18℃,晴~多云,东南风,3-4级,61,良,2
2016-10-01,25℃,17℃,多云,东南风,3-4级,61,良,2
2016-10-02,22℃,16℃,阴~多云,东南风,3-4级,40,优,1
2016-10-03,25℃,18℃,晴,东北风,3-4级,55,良,2
2016-10-04,24℃,16℃,晴~多云,东南风,4-5级,56,良,2
2016-10-05,20℃,15℃,多云,北风,5-6级,47,优,1
2016-10-06,20℃,16℃,晴~多云,东北风,4-5级,27,优,1
2016-10-07,20℃,15℃,阴,东南风,3-4级,35,优,1
2016-10-08,20℃,13℃,晴,西北风,5-6级,39,优,1
2016-10-09,16℃,10℃,晴,北风,5-6级,32,优,1
2016-10-10,21℃,13℃,晴,西南风,4-5级,52,良,2
2016-10-11,21℃,14℃,多云~晴,北风,4-5级,73,良,2
2016-10-12,18℃,13℃,晴,东南风,3-4级,59,良,2
2016-10-13,24℃,16℃,晴,西南风,3-4级,58,良,2
2016-10-14,24℃,15℃,晴~多云,南风,3-4级,111,轻度污染,3
2016-10-15,24℃,17℃,多云~小雨,南风,3-4级,86,良,2
2016-10-16,18℃,14℃,小雨,南风,3-4级,61,良,2
2016-10-17,21℃,12℃,晴,北风,3-4级,68,良,2
2016-10-18,23℃,15℃,晴,南风,3-4级,70,良,2
2016-10-19,24℃,13℃,晴,西南风,3-4级,96,良,2
2016-10-20,20℃,15℃,多云,东北风,5-6级,101,轻度污染,3
2016-10-21,20℃,13℃,多云~小雨,东风,3-4级,49,优,1
2016-10-22,17℃,11℃,多云,东北风,6-7级,49,优,1
2016-10-23,15℃,12℃,多云,东北风,6-7级,43,优,1
2016-10-24,17℃,13℃,小雨~小到中雨,东北风,3-4级,35,优,1
2016-10-25,18℃,12℃,多云,东北风,3-4级,52,良,2
2016-10-26,16℃,12℃,多云,东北风,5-6级,71,良,2
2016-10-27,16℃,10℃,阴~小雨,东北风,3-4级,37,优,1
2016-10-28,14℃,9℃,阴~多云,北风,5-6级,37,优,1
2016-10-29,12℃,5℃,多云,东北风,3-4级,40,优,1
2016-10-30,17℃,6℃,多云~小雨,北风,4-5级,59,良,2
2016-10-31,10℃,4℃,阴~多云,东北风,6-7级,37,优,1
2016-11-01,10℃,5℃,多云,北风,3-4级,42,优,1
2016-11-02,13℃,7℃,多云~晴,西风,4-5级,71,良,2
2016-11-03,17℃,10℃,晴,西南风,4-5级,106,轻度污染,3
2016-11-04,19℃,10℃,晴~多云,西南风,3-4级,97,良,2
2016-11-05,19℃,8℃,晴~多云,西南风,4-5级,161,中度污染,4
2016-11-06,12℃,7℃,晴,东北风,3-4级,94,良,2
2016-11-07,11℃,4℃,小雨~多云,西北风,3-4级,96,良,2
2016-11-08,7℃,3℃,多云~晴,北风,5-6级,40,优,1
2016-11-09,10℃,6℃,多云,北风,3-4级,39,优,1
2016-11-10,13℃,6℃,阴,西南风,4-5级,64,良,2
2016-11-11,14℃,8℃,晴,南风,3-4级,105,轻度污染,3
2016-11-12,15℃,8℃,晴~多云,西南风,3-4级,91,良,2
2016-11-13,17℃,9℃,多云~阴,南风,3-4级,97,良,2
2016-11-14,13℃,4℃,阴~多云,南风,5-6级,99,良,2
2016-11-15,8℃,3℃,晴~多云,北风,4-5级,46,优,1
2016-11-16,14℃,6℃,阴~多云,南风,3-4级,58,良,2
2016-11-17,15℃,7℃,多云~阴,东南风,3-4级,70,良,2
2016-11-18,15℃,10℃,多云~小雨,东南风,3-4级,83,良,2
2016-11-19,14℃,5℃,多云,西北风,4-5级,56,良,2
2016-11-20,9℃,4℃,多云,东北风,5-6级,43,优,1
2016-11-21,9℃,-2℃,阴~雨夹雪,东北风,6-7级,34,优,1
2016-11-22,2℃,-2℃,小雪~阵雪,北风,6-7级,31,优,1
2016-11-23,4℃,0℃,阵雪~多云,西北风,4-5级,33,优,1
2016-11-24,6℃,0℃,多云~晴,西北风,3-4级,54,良,2
2016-11-25,8℃,2℃,多云,西风,3-4级,87,良,2
2016-11-26,9℃,2℃,多云,西北风,4-5级,91,良,2
2016-11-27,9℃,1℃,多云~晴,西北风,5-6级,134,轻度污染,3
2016-11-28,8℃,2℃,晴,西北风,3-4级,48,优,1
2016-11-29,8℃,4℃,晴~多云,西北风,3-4级,75,良,2
2016-11-30,11℃,3℃,小雨~多云,西南风,4-5级,109,轻度污染,3
2016-12-01,8℃,0℃,晴,西北风,3-4级,80,良,2
2016-12-02,11℃,3℃,晴~多云,西南风,3-4级,66,良,2
2016-12-03,13℃,7℃,多云,西南风,4-5级,152,中度污染,4
2016-12-04,12℃,3℃,多云~阴,西南风,4-5级,122,轻度污染,3
2016-12-05,4℃,-1℃,阴~多云,北风,5-6级,75,良,2
2016-12-06,9℃,2℃,晴,西南风,5-6级,53,良,2
2016-12-07,9℃,1℃,晴,西南风,3-4级,94,良,2
2016-12-08,11℃,1℃,多云~阴,西南风,4-5级,100,良,2
2016-12-09,6℃,0℃,多云,北风,4-5级,35,优,1
2016-12-10,5℃,-1℃,晴,北风,3-4级,50,优,1
2016-12-11,8℃,0℃,晴~多云,南风,3-4级,73,良,2
2016-12-12,8℃,1℃,小雨,南风,3-4级,70,良,2
2016-12-13,3℃,-2℃,多云,北风,6-7级,45,优,1
2016-12-14,6℃,-2℃,多云,北风,6-7级,33,优,1
2016-12-15,2℃,-3℃,阵雪~多云,北风,6-7级,34,优,1
2016-12-16,6℃,0℃,晴,西北风,4-5级,59,良,2
2016-12-17,10℃,2℃,晴,西南风,4-5级,118,轻度污染,3
2016-12-18,11℃,1℃,晴~多云,西南风,4-5级,176,中度污染,4
2016-12-19,10℃,2℃,多云~晴,北风,3-4级,235,重度污染,5
2016-12-20,8℃,3℃,多云~阴,东北风,3-4级,191,中度污染,4
2016-12-21,7℃,2℃,小到中雨~雨夹雪,东风,3-4级,142,轻度污染,3
2016-12-22,1℃,-1℃,雨夹雪~多云,西北风,6-7级,63,良,2
2016-12-23,1℃,-2℃,小雪~多云,北风,3-4级,32,优,1
2016-12-24,4℃,-3℃,多云,北风,3-4级,45,优,1
2016-12-25,6℃,0℃,阴~小雨,东南风,3-4级,67,良,2
2016-12-26,4℃,-3℃,阵雪~多云,东北风,4-5级,66,良,2
2016-12-27,0℃,-5℃,多云,北风,5-6级,31,优,1
2016-12-28,3℃,-4℃,多云,西南风,3-4级,66,良,2
2016-12-29,3℃,-4℃,多云~晴,西北风,4-5级,66,良,2
2016-12-30,4℃,-3℃,多云,西南风,3-4级,93,良,2
2016-12-31,8℃,-1℃,多云~晴,西南风,3-4级,166,中度污染,4
2017-01-01,9℃,1℃,多云,西南风,3-4级,215,重度污染,5
2017-01-02,8℃,-2℃,晴,西北风,3-4级,217,重度污染,5
2017-01-03,10℃,1℃,晴~多云,西南风,3-4级,168,中度污染,4
2017-01-04,7℃,2℃,多云~晴,东北风,3-4级,168,中度污染,4
2017-01-05,8℃,0℃,多云,东北风,3-4级,44,优,1
2017-01-06,8℃,2℃,多云~小雨,东北风,3-4级,70,良,2
2017-01-07,6℃,1℃,小雨,东北风,3-4级,76,良,2
2017-01-08,5℃,-2℃,小雨~多云,东北风,4-5级,55,良,2
2017-01-09,2℃,-4℃,多云,北风,5-6级,58,良,2
2017-01-10,1℃,-3℃,晴,西北风,5-6级,50,优,1
2017-01-11,5℃,-2℃,晴,西南风,4-5级,58,良,2
2017-01-12,4℃,-3℃,晴~多云,西北风,3-4级,125,轻度污染,3
2017-01-13,1℃,-3℃,阵雪~多云,西北风,5-6级,55,良,2
2017-01-14,-1℃,-3℃,阵雪~阴,西北风,5-6级,42,优,1
2017-01-15,0℃,-3℃,多云~晴,北风,3-4级,30,优,1
2017-01-16,2℃,-4℃,晴,北风,3-4级,66,良,2
2017-01-17,5℃,-1℃,阴~多云,南风,3-4级,113,轻度污染,3
2017-01-18,4℃,-3℃,多云~阴,北风,3-4级,137,轻度污染,3
2017-01-19,3℃,-5℃,雨夹雪~暴雪,北风,6-7级,125,轻度污染,3
2017-01-20,-3℃,-7℃,阵雪~多云,西北风,6-7级,34,优,1
2017-01-21,2℃,-7℃,多云~阵雪,西南风,4-5级,57,良,2
2017-01-22,-3℃,-7℃,阵雪~多云,西北风,4-5级,31,优,1
2017-01-23,0℃,-6℃,多云~晴,西北风,3-4级,44,优,1
2017-01-24,2℃,-5℃,晴,北风,3-4级,74,良,2
2017-01-25,6℃,0℃,多云,南风,3-4级,111,轻度污染,3
2017-01-26,8℃,-5℃,多云~阴,西南风,4-5级,106,轻度污染,3
2017-01-27,3℃,-4℃,多云,北风,4-5级,64,良,2
2017-01-28,5℃,-1℃,多云~小雨,南风,4-5级,83,良,2
2017-01-29,2℃,-5℃,小雨~小雪,北风,6-7级,44,优,1
2017-01-30,-2℃,-7℃,多云~晴,北风,6-7级,34,优,1
2017-01-31,3℃,-4℃,多云,南风,3-4级,36,优,1
2017-02-01,0℃,-5℃,多云~晴,北风,4-5级,51,良,2
2017-02-02,5℃,-4℃,晴~多云,西风,3-4级,57,良,2
2017-02-03,8℃,0℃,晴~多云,西南风,3-4级,131,轻度污染,3
2017-02-04,4℃,-1℃,小雨~阴,北风,3-4级,123,轻度污染,3
2017-02-05,3℃,-3℃,多云~晴,北风,4-5级,174,中度污染,4
2017-02-06,0℃,-3℃,晴~多云,东北风,5-6级,36,优,1
2017-02-07,2℃,-2℃,晴~多云,北风,3-4级,42,优,1
2017-02-08,2℃,-3℃,阴~阵雪,北风,4-5级,42,优,1
2017-02-09,-1℃,-4℃,阵雪~阴,西北风,6-7级,42,优,1
2017-02-10,-2℃,-5℃,阵雪~多云,西北风,6-7级,48,优,1
2017-02-11,1℃,-6℃,多云~晴,西北风,3-4级,65,良,2
2017-02-12,6℃,-3℃,晴,南风,3-4级,78,良,2
2017-02-13,6℃,-2℃,晴,北风,3-4级,99,良,2
2017-02-14,7℃,0℃,晴~多云,南风,3-4级,89,良,2
2017-02-15,13℃,2℃,多云,南风,4-5级,83,良,2
2017-02-16,13℃,0℃,阵雨~雨夹雪,南风,5-6级,92,良,2
2017-02-17,2℃,-4℃,多云~晴,东北风,4-5级,48,优,1
2017-02-18,6℃,-2℃,多云~晴,南风,3-4级,67,良,2
2017-02-19,12℃,-3℃,阴,北风,6-7级,80,良,2
2017-02-20,4℃,-3℃,多云~晴,北风,6-7级,70,良,2
2017-02-21,2℃,-1℃,阴~中到大雪,东风,3-4级,39,优,1
2017-02-22,2℃,-2℃,阵雪~晴,西北风,3-4级,49,优,1
2017-02-23,2℃,-4℃,多云,北风,3-4级,41,优,1
2017-02-24,9℃,-2℃,晴,西风,4-5级,61,良,2
2017-02-25,9℃,-3℃,晴,西北风,3-4级,69,良,2
2017-02-26,10℃,1℃,晴~多云,南风,3-4级,59,良,2
2017-02-27,13℃,3℃,晴,西南风,3-4级,58,良,2
2017-02-28,15℃,2℃,多云~阴,西南风,4-5级,100,良,2
2017-03-01,5℃,-1℃,阴~多云,北风,6-7级,94,良,2
2017-03-02,8℃,2℃,多云~晴,西北风,4-5级,49,优,1
2017-03-03,14℃,1℃,晴,南风,4-5级,74,良,2
2017-03-04,12℃,2℃,多云,东北风,3-4级,115,轻度污染,3
2017-03-05,4℃,-2℃,多云,北风,3-4级,80,良,2
2017-03-06,7℃,-2℃,多云,西风,3-4级,51,良,2
2017-03-07,2℃,-2℃,阴~多云,西北风,4-5级,45,优,1
2017-03-08,7℃,1℃,晴,西北风,5-6级,52,良,2
2017-03-09,11℃,0℃,晴,西北风,3-4级,69,良,2
2017-03-10,15℃,5℃,晴~多云,西南风,3-4级,75,良,2
2017-03-11,17℃,3℃,晴~阴,北风,5-6级,97,良,2
2017-03-12,7℃,2℃,多云~晴,北风,5-6级,73,良,2
2017-03-13,7℃,2℃,晴,北风,4-5级,52,良,2
2017-03-14,9℃,0℃,晴,北风,4-5级,53,良,2
2017-03-15,11℃,2℃,晴,南风,3-4级,67,良,2
2017-03-16,15℃,4℃,晴,南风,3-4级,79,良,2
2017-03-17,17℃,5℃,多云~阴,西南风,4-5级,83,良,2
2017-03-18,15℃,3℃,多云~晴,西南风,3-4级,83,良,2
2017-03-19,15℃,5℃,晴,南风,3-4级,141,轻度污染,3
2017-03-20,11℃,3℃,多云~阴,南风,3-4级,116,轻度污染,3
2017-03-21,9℃,1℃,晴,西北风,3-4级,50,优,1
2017-03-22,13℃,5℃,多云~阴,南风,3-4级,66,良,2
2017-03-23,11℃,4℃,多云,东北风,3-4级,64,良,2
2017-03-24,10℃,4℃,阴~阵雨,东南风,3-4级,69,良,2
2017-03-25,8℃,2℃,阵雨~多云,西北风,3-4级,63,良,2
2017-03-26,10℃,2℃,阵雨~多云,西北风,3-4级,81,良,2
2017-03-27,11℃,2℃,多云~晴,西北风,3-4级,65,良,2
2017-03-28,9℃,2℃,小雨~多云,北风,3-4级,68,良,2
2017-03-29,16℃,5℃,晴~多云,南风,4-5级,64,良,2
2017-03-30,13℃,6℃,多云~阴,南风,3-4级,93,良,2
2017-03-31,11℃,4℃,阴~多云,北风,4-5级,68,良,2
2017-04-01,14℃,4℃,晴,北风,3-4级,104,轻度污染,3
2017-04-02,18℃,8℃,晴,南风,3-4级,119,轻度污染,3
2017-04-03,19℃,12℃,晴,南风,3-4级,84,良,2
2017-04-04,20℃,10℃,多云~小雨,南风,5-6级,84,良,2
2017-04-05,13℃,9℃,小雨~多云,东风,4-5级,46,优,1
2017-04-06,19℃,6℃,多云,南风,3-4级,55,良,2
2017-04-07,17℃,7℃,晴~多云,北风,3-4级,83,良,2
2017-04-08,14℃,8℃,阴~多云,北风,4-5级,75,良,2
2017-04-09,13℃,6℃,晴,东北风,4-5级,63,良,2
2017-04-10,17℃,7℃,多云~阵雨,北风,3-4级,67,良,2
2017-04-11,14℃,5℃,阴~多云,北风,5-6级,82,良,2
2017-04-12,20℃,9℃,晴~多云,西南风,5-6级,93,良,2
2017-04-13,25℃,11℃,阵雨,西南风,5-6级,103,轻度污染,3
2017-04-14,24℃,14℃,多云,西南风,4-5级,68,良,2
2017-04-15,27℃,14℃,晴,西南风,4-5级,79,良,2
2017-04-16,25℃,12℃,阵雨~雷阵雨,南风,3-4级,89,良,2
2017-04-17,19℃,12℃,雷阵雨~阴,西北风,4-5级,65,良,2
2017-04-18,17℃,8℃,阴~晴,西北风,5-6级,69,良,2
2017-04-19,21℃,10℃,阵雨,南风,3-4级,78,良,2
2017-04-20,19℃,9℃,多云~阴,西北风,3-4级,58,良,2
2017-04-21,14℃,8℃,阵雨~阴,东北风,4-5级,60,良,2
2017-04-22,22℃,12℃,晴,西南风,5-6级,64,良,2
2017-04-23,25℃,13℃,晴~阴,西南风,5-6级,64,良,2
2017-04-24,20℃,10℃,雷阵雨,西南风,3-4级,71,良,2
2017-04-25,15℃,7℃,多云,北风,3-4级,59,良,2
2017-04-26,16℃,9℃,晴,北风,3-4级,62,良,2
2017-04-27,22℃,14℃,晴,西北风,4-5级,58,良,2
2017-04-28,24℃,15℃,晴,西北风,4-5级,69,良,2
2017-04-29,28℃,16℃,晴,西南风,4-5级,80,良,2
2017-04-30,20℃,12℃,晴~多云,东北风,5-6级,128,轻度污染,3
2017-05-01,21℃,12℃,多云~晴,东南风,5-6级,106,轻度污染,3
2017-05-02,26℃,14℃,晴~多云,东南风,3-4级,78,良,2
2017-05-03,24℃,14℃,多云~小雨,南风,4-5级,49,优,1
2017-05-04,17℃,12℃,小雨~多云,东南风,3-4级,55,良,2
2017-05-05,25℃,10℃,多云,西南风,4-5级,89,良,2
2017-05-06,25℃,14℃,晴,西南风,5-6级,111,轻度污染,3
2017-05-07,26℃,16℃,晴~多云,东北风,3-4级,115,轻度污染,3
2017-05-08,27℃,13℃,多云~阴,西南风,4-5级,134,轻度污染,3
2017-05-09,19℃,10℃,小雨,南风,4-5级,42,优,1
2017-05-10,24℃,15℃,多云,南风,3-4级,51,良,2
2017-05-11,31℃,13℃,多云,西南风,4-5级,88,良,2
2017-05-12,26℃,15℃,多云~阴,西南风,3-4级,187,中度污染,4
2017-05-13,20℃,12℃,阴~晴,西北风,5-6级,91,良,2
2017-05-14,22℃,11℃,晴~多云,西风,3-4级,55,良,2
2017-05-15,21℃,11℃,多云,北风,3-4级,43,优,1
2017-05-16,26℃,16℃,晴,南风,3-4级,59,良,2
2017-05-17,30℃,18℃,晴,南风,4-5级,81,良,2
2017-05-18,32℃,21℃,晴,西南风,5-6级,91,良,2
2017-05-19,31℃,16℃,晴,南风,5-6级,79,良,2
2017-05-20,28℃,16℃,晴,南风,4-5级,43,优,1
2017-05-21,27℃,15℃,晴~多云,南风,4-5级,43,优,1
2017-05-22,27℃,15℃,多云~雷阵雨,南风,3-4级,43,优,1
2017-05-23,18℃,13℃,阵雨~多云,北风,5-6级,31,优,1
2017-05-24,27℃,19℃,晴,西南风,3-4级,60,良,2
2017-05-25,20℃,12℃,晴,北风,5-6级,60,良,2
2017-05-26,23℃,15℃,晴,东南风,3-4级,50,优,1
2017-05-27,32℃,22℃,晴,南风,3-4级,76,良,2
2017-05-28,35℃,23℃,晴,西南风,4-5级,100,良,2
2017-05-29,31℃,19℃,晴,西南风,4-5级,85,良,2
2017-05-30,27℃,18℃,多云~雷阵雨,东北风,3-4级,77,良,2
2017-05-31,27℃,16℃,多云,东风,3-4级,48,优,1
2017-06-01,24℃,15℃,多云~晴,东北风,3-4级,42,优,1
2017-06-02,24℃,14℃,阴~阵雨,东风,5-6级,55,良,2
2017-06-03,25℃,14℃,多云~晴,东风,3-4级,32,优,1
2017-06-04,27℃,18℃,晴,南风,3-4级,57,良,2
2017-06-05,26℃,16℃,晴~阵雨,南风,3-4级,49,优,1
2017-06-06,19℃,15℃,小雨~阵雨,东南风,3-4级,38,优,1
2017-06-07,23℃,17℃,多云~晴,西北风,3-4级,47,优,1
2017-06-08,31℃,21℃,多云,西南风,4-5级,80,良,2
2017-06-09,33℃,20℃,晴,西南风,4-5级,83,良,2
2017-06-10,27℃,16℃,晴~多云,东风,3-4级,68,良,2
2017-06-11,26℃,18℃,多云~阴,东北风,3-4级,64,良,2
2017-06-12,23℃,17℃,阴~多云,东南风,3-4级,62,良,2
2017-06-13,26℃,17℃,多云,东南风,3-4级,60,良,2
2017-06-14,30℃,21℃,晴,西南风,3-4级,67,良,2
2017-06-15,34℃,21℃,晴,西风,3-4级,100,良,2
2017-06-16,34℃,22℃,晴,西南风,3-4级,127,轻度污染,3
2017-06-17,34℃,23℃,晴,西南风,3-4级,111,轻度污染,3
2017-06-18,36℃,22℃,晴,西南风,4-5级,65,良,2
2017-06-19,32℃,20℃,晴~阴,南风,4-5级,48,优,1
2017-06-20,29℃,20℃,雷阵雨~多云,南风,3-4级,44,优,1
2017-06-21,30℃,20℃,晴~多云,南风,3-4级,56,良,2
2017-06-22,30℃,20℃,晴~多云,南风,3-4级,38,优,1
2017-06-23,29℃,20℃,阴~雷阵雨,南风,4-5级,29,优,1
2017-06-24,25℃,19℃,中到大雨~雷阵雨,东南风,4-5级,32,优,1
2017-06-25,24℃,19℃,阵雨~多云,东北风,3-4级,45,优,1
2017-06-26,26℃,19℃,多云,北风,3-4级,73,良,2
2017-06-27,28℃,19℃,晴,东南风,3-4级,57,良,2
2017-06-28,30℃,21℃,晴,东南风,3-4级,42,优,1
2017-06-29,31℃,22℃,晴~多云,南风,3-4级,62,良,2
2017-06-30,32℃,22℃,晴~阴,南风,3-4级,57,良,2
2017-07-01,30℃,22℃,阵雨~小雨,南风,3-4级,41,优,1
2017-07-02,28℃,22℃,雷阵雨,南风,3-4级,32,优,1
2017-07-03,27℃,22℃,多云,南风,3-4级,51,良,2
2017-07-04,29℃,22℃,多云,南风,3-4级,61,良,2
2017-07-05,31℃,23℃,多云,东南风,4-5级,54,良,2
2017-07-06,30℃,23℃,阴~中到大雨,东南风,3-4级,61,良,2
2017-07-07,27℃,24℃,中雨~阴,南风,4-5级,34,优,1
2017-07-08,34℃,26℃,多云,南风,4-5级,54,良,2
2017-07-09,32℃,25℃,多云~雷阵雨,南风,3-4级,53,良,2
2017-07-10,33℃,23℃,小雨~多云,东南风,1-2级,55,良,2
2017-07-11,35℃,25℃,多云,南风,3-4级,91,良,2
2017-07-12,36℃,25℃,晴,南风,4-5级,59,良,2
2017-07-13,35℃,26℃,多云,南风,4-5级,65,良,2
2017-07-14,34℃,24℃,多云~阵雨,南风,3-4级,52,良,2
2017-07-15,27℃,23℃,雷阵雨~暴雨,南风,3-4级,36,优,1
2017-07-16,27℃,24℃,暴雨~大雨,东南风,4-5级,23,优,1
2017-07-17,30℃,24℃,雷阵雨~多云,东南风,4-5级,52,良,2
2017-07-18,31℃,26℃,雷阵雨~阵雨,南风,3-4级,82,良,2
2017-07-19,32℃,26℃,阴~雷阵雨,南风,3-4级,68,良,2
2017-07-20,33℃,26℃,阵雨~雷阵雨,南风,3-4级,49,优,1
2017-07-21,33℃,27℃,雷阵雨~阴,南风,3-4级,57,良,2
2017-07-22,33℃,26℃,多云,东北风,3-4级,69,良,2
2017-07-23,31℃,25℃,多云~雷阵雨,东北风,3-4级,59,良,2
2017-07-24,28℃,24℃,小到中雨~阵雨,东北风,3-4级,54,良,2
2017-07-25,27℃,22℃,多云,东北风,3-4级,65,良,2
2017-07-26,30℃,24℃,晴~阴,南风,3-4级,60,良,2
2017-07-27,29℃,23℃,雷阵雨,南风,1-2级,36,优,1
2017-07-28,27℃,22℃,多云~晴,北风,4-5级,41,优,1
2017-07-29,28℃,22℃,多云,北风,3-4级,60,良,2
2017-07-30,26℃,23℃,小到中雨~小雨,南风,3-4级,53,良,2
2017-07-31,28℃,24℃,小雨,东南风,3-4级,45,优,1
2017-08-01,31℃,26℃,雷阵雨~阵雨,东南风,3-4级,26,优,1
2017-08-02,31℃,25℃,阵雨~雷阵雨,东南风,4-5级,33,优,1
2017-08-03,29℃,25℃,中雨~大到暴雨,东南风,5-6级,30,优,1
2017-08-04,29℃,25℃,小到中雨~小雨,东南风,3-4级,36,优,1
2017-08-05,30℃,24℃,中雨,东南风,3-4级,33,优,1
2017-08-06,31℃,24℃,多云~阴,南风,3-4级,42,优,1
2017-08-07,31℃,24℃,多云~晴,北风,3-4级,66,良,2
2017-08-08,30℃,23℃,多云,北风,3-4级,55,良,2
2017-08-09,31℃,24℃,多云~雷阵雨,南风,3-4级,58,良,2
2017-08-10,29℃,24℃,雷阵雨~多云,南风,3-4级,60,良,2
2017-08-11,31℃,23℃,多云~晴,南风,3-4级,58,良,2
2017-08-12,30℃,24℃,多云,东南风,3-4级,57,良,2
2017-08-13,28℃,24℃,雷阵雨~小到中雨,东风,4-5级,35,优,1
2017-08-14,26℃,22℃,小雨,东风,5-6级,22,优,1
2017-08-15,27℃,22℃,多云,东北风,4-5级,20,优,1
2017-08-16,27℃,22℃,多云~阴,东北风,3-4级,38,优,1
2017-08-17,27℃,22℃,雷阵雨,南风,3-4级,39,优,1
2017-08-18,27℃,22℃,雷阵雨,东北风,3-4级,52,良,2
2017-08-19,27℃,23℃,雷阵雨~阵雨,东南风,3-4级,44,优,1
2017-08-20,27℃,23℃,雷阵雨~多云,东北风,5-6级,30,优,1
2017-08-21,27℃,22℃,多云~晴,北风,3-4级,31,优,1
2017-08-22,30℃,22℃,晴~多云,南风,3-4级,34,优,1
2017-08-23,30℃,24℃,雷阵雨~中雨,南风,4-5级,32,优,1
2017-08-24,26℃,21℃,阵雨~多云,东南风,4-5级,35,优,1
2017-08-25,29℃,21℃,晴,北风,3-4级,45,优,1
2017-08-26,29℃,21℃,晴~多云,北风,3-4级,43,优,1
2017-08-27,27℃,23℃,多云~中雨,南风,3-4级,51,良,2
2017-08-28,24℃,21℃,大到暴雨~阵雨,南风,4-5级,33,优,1
2017-08-29,23℃,17℃,多云,北风,4-5级,35,优,1
2017-08-30,24℃,17℃,多云~晴,西南风,4-5级,46,优,1
2017-08-31,25℃,18℃,多云~晴,西南风,4-5级,49,优,1
2017-09-01,27℃,19℃,晴,西南风,4-5级,67,良,2
2017-09-02,27℃,19℃,晴,南风,3-4级,81,良,2
2017-09-03,27℃,20℃,晴,南风,3-4级,65,良,2
2017-09-04,27℃,21℃,多云~小雨,南风,3-4级,42,优,1
2017-09-05,24℃,20℃,阴~多云,东南风,3-4级,37,优,1
2017-09-06,25℃,19℃,小雨~多云,西南风,3-4级,43,优,1
2017-09-07,28℃,20℃,晴,西南风,3-4级,82,良,2
2017-09-08,30℃,20℃,晴,南风,3-4级,73,良,2
2017-09-09,30℃,20℃,多云~阴,南风,3-4级,64,良,2
2017-09-10,25℃,18℃,小雨,南风,3-4级,48,优,1
2017-09-11,25℃,10℃,多云,北风,5-6级,58,良,2
2017-09-12,26℃,18℃,晴,北风,3-4级,47,优,1
2017-09-13,27℃,18℃,晴,东南风,3-4级,69,良,2
2017-09-14,28℃,19℃,晴,南风,3-4级,64,良,2
2017-09-15,26℃,20℃,多云,东风,3-4级,52,良,2
2017-09-16,26℃,19℃,多云,东南风,3-4级,42,优,1
2017-09-17,26℃,19℃,多云,北风,3-4级,56,良,2
2017-09-18,26℃,19℃,晴~多云,南风,3-4级,74,良,2
2017-09-19,27℃,19℃,多云,西北风,4-5级,94,良,2
2017-09-20,26℃,17℃,晴,北风,3-4级,46,优,1
2017-09-21,28℃,19℃,晴~多云,南风,3-4级,55,良,2
2017-09-22,28℃,18℃,阴~多云,南风,5-6级,61,良,2
2017-09-23,28℃,18℃,晴,南风,4-5级,82,良,2
2017-09-24,30℃,19℃,晴,南风,3-4级,75,良,2
2017-09-25,28℃,19℃,晴~多云,东南风,3-4级,48,优,1
2017-09-26,26℃,19℃,阴~小雨,东南风,3-4级,52,良,2
2017-09-27,22℃,16℃,多云,东北风,5-6级,39,优,1
2017-09-28,20℃,12℃,多云~晴,北风,4-5级,40,优,1
2017-09-29,26℃,16℃,晴,西南风,4-5级,52,良,2
2017-09-30,27℃,19℃,多云~小雨,南风,4-5级,65,良,2
2017-10-01,22℃,17℃,小雨~多云,东南风,5-6级,34,优,1
2017-10-02,19℃,15℃,多云,东北风,5-6级,49,优,1
2017-10-03,17℃,15℃,多云,东北风,5-6级,38,优,1
2017-10-04,18℃,13℃,多云~阴,东北风,3-4级,34,优,1
2017-10-05,19℃,14℃,小雨,东南风,3-4级,41,优,1
2017-10-06,21℃,13℃,多云,东南风,3-4级,31,优,1
2017-10-07,22℃,16℃,多云~阴,南风,3-4级,40,优,1
2017-10-08,22℃,18℃,阴~小雨,南风,3-4级,38,优,1
2017-10-09,24℃,17℃,阴~小雨,东南风,3-4级,39,优,1
2017-10-10,17℃,13℃,小雨,东北风,5-6级,18,优,1
2017-10-11,15℃,11℃,多云,北风,4-5级,31,优,1
2017-10-12,15℃,10℃,多云,东北风,3-4级,31,优,1
2017-10-13,19℃,12℃,多云,南风,3-4级,55,良,2
2017-10-14,19℃,12℃,阴,东南风,4-5级,63,良,2
2017-10-15,19℃,14℃,多云,东南风,3-4级,44,优,1
2017-10-16,17℃,11℃,多云,东北风,5-6级,54,良,2
2017-10-17,16℃,14℃,多云,东北风,4-5级,33,优,1
2017-10-18,17℃,11℃,阴~多云,北风,3-4级,57,良,2
2017-10-19,18℃,10℃,多云,南风,3-4级,64,良,2
2017-10-20,20℃,11℃,晴~多云,南风,3-4级,84,良,2
2017-10-21,20℃,12℃,晴~多云,西南风,3-4级,103,轻度污染,3
2017-10-22,15℃,10℃,多云~晴,北风,5-6级,61,良,2
2017-10-23,13℃,10℃,多云~晴,北风,5-6级,54,良,2
2017-10-24,16℃,7℃,晴,北风,3-4级,41,优,1
2017-10-25,18℃,12℃,晴,南风,3-4级,69,良,2
2017-10-26,19℃,11℃,多云~晴,西南风,3-4级,68,良,2
2017-10-27,20℃,10℃,晴,南风,3-4级,66,良,2
2017-10-28,21℃,9℃,晴~阴,南风,3-4级,101,轻度污染,3
2017-10-29,15℃,8℃,多云~晴,北风,6-7级,66,良,2
2017-10-30,15℃,6℃,晴,西北风,4-5级,45,优,1
2017-10-31,17℃,9℃,晴~多云,西南风,4-5级,66,良,2
2017-11-01,17℃,9℃,多云,西南风,3-4级,97,良,2
2017-11-02,19℃,10℃,多云~小雨,南风,3-4级,134,轻度污染,3
2017-11-03,10℃,6℃,多云,北风,6-7级,44,优,1
2017-11-04,12℃,5℃,晴,北风,4-5级,37,优,1
2017-11-05,17℃,8℃,晴,西南风,4-5级,56,良,2
2017-11-06,19℃,12℃,晴~多云,西南风,4-5级,47,优,1
2017-11-07,20℃,11℃,晴~多云,西南风,3-4级,92,良,2
2017-11-08,13℃,6℃,晴,北风,3-4级,52,良,2
2017-11-09,17℃,9℃,多云~小雨,南风,4-5级,50,优,1
2017-11-10,13℃,6℃,多云~晴,西北风,6-7级,51,良,2
2017-11-11,10℃,5℃,晴,西北风,3-4级,44,优,1
2017-11-12,14℃,7℃,晴~多云,西南风,4-5级,62,良,2
2017-11-13,16℃,4℃,多云,西北风,5-6级,82,良,2
2017-11-14,9℃,4℃,晴,西北风,5-6级,44,优,1
2017-11-15,8℃,2℃,晴~多云,西北风,5-6级,44,优,1
2017-11-16,11℃,3℃,多云~小雨,东南风,3-4级,47,优,1
2017-11-17,13℃,-1℃,阴~多云,北风,4-5级,66,良,2
2017-11-18,4℃,1℃,阵雪,西北风,4-5级,34,优,1
2017-11-19,7℃,1℃,多云~晴,北风,4-5级,47,优,1
2017-11-20,11℃,0℃,晴,西北风,4-5级,74,良,2
2017-11-21,12℃,4℃,多云,南风,4-5级,78,良,2
2017-11-22,8℃,2℃,阴,西北风,4-5级,124,轻度污染,3
2017-11-23,7℃,0℃,多云,西北风,6-7级,41,优,1
2017-11-24,7℃,0℃,多云~晴,西南风,4-5级,40,优,1
2017-11-25,12℃,2℃,多云~阴,西南风,4-5级,75,良,2
2017-11-26,7℃,-1℃,多云~晴,北风,5-6级,65,良,2
2017-11-27,10℃,1℃,晴~阴,南风,4-5级,49,优,1
2017-11-28,14℃,0℃,多云,南风,4-5级,80,良,2
2017-11-29,7℃,-1℃,多云,北风,4-5级,51,良,2
2017-11-30,3℃,-2℃,阵雪~多云,北风,4-5级,35,优,1
2017-12-01,6℃,-2℃,多云~晴,西北风,4-5级,54,良,2
2017-12-02,10℃,2℃,晴,西南风,4-5级,86,良,2
2017-12-03,7℃,0℃,多云~阴,北风,4-5级,130,轻度污染,3
2017-12-04,4℃,-1℃,阵雪,西北风,4-5级,32,优,1
2017-12-05,5℃,-1℃,多云~晴,西北风,5-6级,44,优,1
2017-12-06,9℃,-1℃,晴~多云,西南风,4-5级,83,良,2
2017-12-07,5℃,-2℃,阵雪,北风,4-5级,74,良,2
2017-12-08,4℃,-1℃,阴~晴,西北风,5-6级,39,优,1
2017-12-09,8℃,0℃,多云~晴,西南风,4-5级,77,良,2
2017-12-10,6℃,-3℃,多云~阵雪,西北风,5-6级,72,良,2
2017-12-11,1℃,-4℃,小到中雪~阵雪,北风,6-7级,32,优,1
2017-12-12,-1℃,-4℃,阵雪~多云,北风,4-5级,32,优,1
2017-12-13,0℃,-4℃,晴,北风,3-4级,47,优,1
2017-12-14,2℃,-3℃,晴~多云,南风,1-2级,51,良,2
2017-12-15,4℃,-3℃,小雪~阵雪,西北风,4-5级,77,良,2
2017-12-16,0℃,-4℃,中雪~阵雪,西北风,6-7级,48,优,1
2017-12-17,4℃,-3℃,晴,西北风,5-6级,46,优,1
2017-12-18,6℃,-3℃,晴~多云,西北风,5-6级,76,良,2
2017-12-19,2℃,-3℃,晴~多云,西北风,4-5级,43,优,1
2017-12-20,5℃,-3℃,多云~晴,西北风,4-5级,80,良,2
2017-12-21,8℃,2℃,晴~多云,西南风,4-5级,79,良,2
2017-12-22,10℃,0℃,晴,西南风,4-5级,103,轻度污染,3
2017-12-23,8℃,0℃,多云,北风,3-4级,102,轻度污染,3
2017-12-24,6℃,-2℃,多云,北风,6-7级,70,良,2
2017-12-25,5℃,-3℃,晴~多云,西南风,4-5级,46,优,1
2017-12-26,1℃,-4℃,晴,东北风,5-6级,39,优,1
2017-12-27,6℃,-3℃,晴~多云,南风,3-4级,51,良,2
2017-12-28,10℃,2℃,晴~多云,西南风,3-4级,67,良,2
2017-12-29,7℃,1℃,晴~多云,北风,3-4级,112,轻度污染,3
2017-12-30,3℃,-2℃,雨夹雪~阵雪,北风,4-5级,89,良,2
2017-12-31,5℃,-4℃,多云~晴,西北风,4-5级,129,轻度污染,3
2018-01-01,6℃,-2℃,晴~多云,西南风,3-4级,100,良,2
2018-01-02,3℃,-3℃,阴,东北风,4-5级,83,良,2
2018-01-03,1℃,-2℃,多云,北风,4-5级,37,优,1
2018-01-04,0℃,-3℃,多云~晴,北风,4-5级,33,优,1
2018-01-05,3℃,-3℃,晴,西北风,4-5级,43,优,1
2018-01-06,3℃,-3℃,多云,北风,3-4级,70,良,2
2018-01-07,3℃,-2℃,多云~小雪,东北风,3-4级,58,良,2
2018-01-08,2℃,-3℃,多云,西北风,6-7级,79,良,2
2018-01-09,1℃,-6℃,多云~阵雪,西北风,5-6级,54,良,2
2018-01-10,-4℃,-7℃,阵雪,西北风,6-7级,42,优,1
2018-01-11,-4℃,-8℃,阵雪~多云,西北风,5-6级,29,优,1
2018-01-12,0℃,-6℃,多云~晴,西南风,4-5级,48,优,1
2018-01-13,6℃,-3℃,晴,南风,3-4级,86,良,2
2018-01-14,7℃,-2℃,晴~多云,西南风,4-5级,76,良,2
2018-01-15,4℃,-1℃,晴~多云,东北风,4-5级,130,轻度污染,3
2018-01-16,5℃,-3℃,多云,北风,3-4级,140,轻度污染,3
2018-01-17,7℃,-3℃,多云,西南风,3-4级,134,轻度污染,3
2018-01-18,5℃,-2℃,多云~晴,西北风,3-4级,140,轻度污染,3
2018-01-19,7℃,-1℃,多云,西南风,3-4级,129,轻度污染,3
2018-01-20,5℃,-2℃,多云~阴,东北风,3-4级,179,中度污染,4
2018-01-21,5℃,-3℃,多云~雨夹雪,东南风,4-5级,64,良,2
2018-01-22,3℃,0℃,中到大雪~阵雪,东风,4-5级,37,优,1
2018-01-23,-5℃,-9℃,中雪,西北风,4-5级,32,优,1
2018-01-24,-5℃,-8℃,阵雪~多云,北风,3-4级,38,优,1
2018-01-25,-6℃,-10℃,阵雪,北风,3-4级,36,优,1
2018-01-26,-5℃,-9℃,多云~晴,北风,3-4级,30,优,1
2018-01-27,-6℃,-9℃,多云~小雪,北风,3-4级,39,优,1
2018-01-28,-2℃,-9℃,阵雪,西北风,4-5级,72,良,2
2018-01-29,-3℃,-10℃,阵雪~多云,西北风,4-5级,67,良,2
2018-01-30,3℃,-5℃,晴~多云,西风,4-5级,65,良,2
2018-01-31,2℃,-8℃,晴~多云,西风,3-4级,81,良,2
2018-02-01,4℃,-6℃,晴~多云,南风,3-4级,69,良,2
2018-02-02,-1℃,-7℃,阵雪,北风,5-6级,60,良,2
2018-02-03,-4℃,-9℃,阵雪,西北风,5-6级,31,优,1
2018-02-04,-3℃,-9℃,阵雪,西北风,3-4级,38,优,1
2018-02-05,-4℃,-9℃,中雪~阵雪,北风,4-5级,37,优,1
2018-02-06,-2℃,-9℃,阵雪~多云,西北风,3-4级,38,优,1
2018-02-07,1℃,-9℃,中到大雪,南风,3-4级,57,良,2
2018-02-08,0℃,-8℃,多云~晴,北风,6-7级,64,良,2
2018-02-09,6℃,-6℃,晴~多云,南风,4-5级,80,良,2
2018-02-10,0℃,-8℃,多云,西北风,4-5级,64,良,2
2018-02-11,-1℃,-6℃,阵雪~多云,西北风,4-5级,58,良,2
2018-02-12,0℃,-6℃,多云~晴,西北风,4-5级,69,良,2
2018-02-13,10℃,-2℃,晴~多云,西南风,3-4级,68,良,2
2018-02-14,4℃,-3℃,晴,北风,5-6级,62,良,2
2018-02-15,3℃,-3℃,多云,东北风,3-4级,64,良,2
2018-02-16,6℃,-3℃,晴,北风,4-5级,107,轻度污染,3
2018-02-17,3℃,-1℃,晴,南风,3-4级,48,优,1
2018-02-18,6℃,-2℃,多云,南风,3-4级,40,优,1
2018-02-19,6℃,-1℃,多云,东北风,3-4级,56,良,2
2018-02-20,4℃,-3℃,多云~阴,东北风,3-4级,61,良,2
2018-02-21,5℃,-2℃,多云~阴,西南风,3-4级,66,良,2
2018-02-22,8℃,-1℃,多云~晴,西南风,4-5级,118,轻度污染,3
2018-02-23,13℃,-1℃,多云~阴,西南风,4-5级,132,轻度污染,3
2018-02-24,1℃,-3℃,多云~阴,东北风,5-6级,45,优,1
2018-02-25,4℃,-1℃,晴,南风,3-4级,44,优,1
2018-02-26,10℃,-1℃,多云~阴,南风,3-4级,72,良,2
2018-02-27,6℃,2℃,多云~阴,东北风,4-5级,79,良,2
2018-02-28,8℃,0℃,小雨,南风,3-4级,91,良,2
2018-03-01,5℃,-4℃,多云,北风,5-6级,63,良,2
2018-03-02,8℃,0℃,晴~多云,南风,5-6级,49,优,1
2018-03-03,14℃,3℃,阴~小雨,南风,5-6级,43,优,1
2018-03-04,4℃,0℃,中雨~晴,东北风,6-7级,45,优,1
2018-03-05,4℃,-3℃,多云~晴,东北风,5-6级,53,良,2
2018-03-06,3℃,1℃,多云,东北风,3-4级,51,良,2
2018-03-07,7℃,1℃,多云~雨夹雪,东南风,3-4级,50,优,1
2018-03-08,1℃,-2℃,阴~晴,北风,5-6级,48,优,1
2018-03-09,6℃,0℃,晴~多云,北风,4-5级,50,优,1
2018-03-10,11℃,-1℃,多云~晴,北风,4-5级,82,良,2
2018-03-11,12℃,5℃,晴~多云,东南风,5-6级,112,轻度污染,3
2018-03-12,16℃,7℃,多云~晴,南风,5-6级,75,良,2
2018-03-13,22℃,9℃,晴~多云,南风,5-6级,68,良,2
2018-03-14,22℃,3℃,多云~小雨,南风,5-6级,68,良,2
2018-03-15,4℃,-2℃,小雨~多云,东北风,6-7级,71,良,2
2018-03-16,4℃,-3℃,晴,东北风,4-5级,41,优,1
2018-03-17,11℃,4℃,多云~阴,南风,4-5级,56,良,2
2018-03-18,7℃,3℃,小雨~多云,东南风,3-4级,41,优,1
2018-03-19,8℃,2℃,多云,东北风,5-6级,64,良,2
2018-03-20,6℃,1℃,多云,东北风,4-5级,49,优,1
2018-03-21,6℃,-3℃,多云~晴,北风,3-4级,54,良,2
2018-03-22,9℃,1℃,多云~晴,南风,3-4级,89,良,2
2018-03-23,16℃,5℃,晴~阴,南风,3-4级,116,轻度污染,3
2018-03-24,12℃,4℃,多云,南风,3-4级,123,轻度污染,3
2018-03-25,24℃,10℃,晴,西南风,4-5级,107,轻度污染,3
2018-03-26,24℃,11℃,晴,西南风,4-5级,86,良,2
2018-03-27,25℃,10℃,晴,南风,5-6级,109,轻度污染,3
2018-03-28,22℃,7℃,多云~阴,南风,5-6级,78,良,2
2018-03-29,11℃,5℃,多云~晴,东北风,5-6级,64,良,2
2018-03-30,16℃,8℃,晴,东北风,3-4级,79,良,2
2018-03-31,24℃,11℃,多云,南风,3-4级,69,良,2
2018-04-01,25℃,14℃,晴~多云,南风,4-5级,70,良,2
2018-04-02,27℃,7℃,晴~阴,南风,5-6级,97,良,2
2018-04-03,9℃,5℃,小雨,东北风,5-6级,84,良,2
2018-04-04,10℃,5℃,多云,东北风,5-6级,50,优,1
2018-04-05,8℃,3℃,小雨~多云,西北风,3-4级,51,良,2
2018-04-06,8℃,2℃,阴~多云,西北风,6-7级,104,轻度污染,3
2018-04-07,9℃,2℃,晴~多云,西北风,4-5级,62,良,2
2018-04-08,15℃,5℃,多云~晴,南风,4-5级,64,良,2
2018-04-09,20℃,10℃,晴,南风,4-5级,74,良,2
2018-04-10,24℃,8℃,多云~晴,南风,6-7级,101,轻度污染,3
2018-04-11,19℃,9℃,晴,西北风,3-4级,74,良,2
2018-04-12,15℃,9℃,多云~阴,东风,4-5级,65,良,2
2018-04-13,15℃,7℃,小雨~小到中雨,东风,4-5级,75,良,2
2018-04-14,12℃,5℃,小雨~多云,西北风,3-4级,62,良,2
2018-04-15,12℃,4℃,晴,西北风,4-5级,72,良,2
2018-04-16,20℃,8℃,晴,南风,4-5级,62,良,2
2018-04-17,22℃,11℃,晴,南风,5-6级,73,良,2
2018-04-18,24℃,13℃,晴,南风,5-6级,104,轻度污染,3
2018-04-19,23℃,12℃,晴,南风,4-5级,98,良,2
2018-04-20,27℃,12℃,晴~多云,南风,4-5级,80,良,2
2018-04-21,24℃,10℃,多云~小雨,南风,5-6级,59,良,2
2018-04-22,13℃,9℃,大到暴雨~大雨,东北风,4-5级,50,优,1
2018-04-23,11℃,7℃,多云,东北风,5-6级,33,优,1
2018-04-24,13℃,8℃,多云~晴,北风,4-5级,53,良,2
2018-04-25,19℃,10℃,晴~多云,西北风,3-4级,77,良,2
2018-04-26,24℃,9℃,多云~阴,南风,3-4级,101,轻度污染,3
2018-04-27,15℃,7℃,多云~晴,北风,4-5级,92,良,2
2018-04-28,26℃,15℃,晴,南风,5-6级,81,良,2
2018-04-29,27℃,14℃,多云,南风,5-6级,90,良,2
2018-04-30,23℃,14℃,多云~小雨,东北风,4-5级,72,良,2
2018-05-01,20℃,11℃,阴~小雨,东南风,3-4级,69,良,2
2018-05-02,15℃,9℃,阴~多云,北风,5-6级,48,优,1
2018-05-03,17℃,11℃,多云~晴,西北风,5-6级,56,良,2
2018-05-04,27℃,17℃,晴,西南风,5-6级,63,良,2
2018-05-05,28℃,12℃,多云~雷阵雨,南风,3-4级,70,良,2
2018-05-06,18℃,12℃,阴~多云,东北风,4-5级,61,良,2
2018-05-07,19℃,12℃,多云~晴,东北风,3-4级,92,良,2
2018-05-08,19℃,10℃,晴,北风,4-5级,64,良,2
2018-05-09,23℃,14℃,晴,北风,3-4级,76,良,2
2018-05-10,25℃,14℃,晴,南风,5-6级,60,良,2
2018-05-11,20℃,14℃,阴~小雨,南风,4-5级,45,优,1
2018-05-12,20℃,13℃,多云~阵雨,东南风,4-5级,45,优,1
2018-05-13,20℃,13℃,阵雨~晴,南风,3-4级,77,良,2
2018-05-14,31℃,18℃,多云~阴,南风,5-6级,74,良,2
2018-05-15,26℃,18℃,多云~阴,南风,4-5级,51,良,2
2018-05-16,30℃,15℃,雷阵雨,南风,3-4级,45,优,1
2018-05-17,24℃,14℃,雷阵雨~多云,南风,3-4级,54,良,2
2018-05-18,21℃,13℃,多云~晴,北风,4-5级,56,良,2
2018-05-19,21℃,13℃,晴~多云,东北风,3-4级,55,良,2
2018-05-20,21℃,12℃,多云,东南风,4-5级,40,优,1
2018-05-21,20℃,14℃,晴~小雨,东南风,3-4级,50,优,1
2018-05-22,17℃,12℃,中雨~多云,东南风,3-4级,32,优,1
2018-05-23,26℃,16℃,晴,北风,3-4级,93,良,2
2018-05-24,28℃,17℃,晴~多云,西南风,5-6级,102,轻度污染,3
2018-05-25,24℃,13℃,多云~晴,西南风,3-4级,74,良,2
2018-05-26,26℃,16℃,晴~多云,南风,4-5级,65,良,2
2018-05-27,26℃,15℃,雷阵雨~多云,南风,3-4级,60,良,2
2018-05-28,29℃,15℃,雷阵雨~多云,南风,5-6级,90,良,2
2018-05-29,24℃,16℃,多云,东北风,3-4级,80,良,2
2018-05-30,23℃,15℃,多云,北风,3-4级,66,良,2
2018-05-31,25℃,15℃,晴,南风,3-4级,58,良,2
2018-06-01,29℃,20℃,晴,南风,3-4级,65,良,2
2018-06-02,30℃,18℃,晴,南风,3-4级,50,优,1
2018-06-03,29℃,19℃,晴~阴,南风,5-6级,52,良,2
2018-06-04,26℃,18℃,阴~多云,南风,4-5级,58,良,2
2018-06-05,30℃,20℃,晴,南风,5-6级,54,良,2
2018-06-06,32℃,19℃,晴~多云,南风,5-6级,77,良,2
2018-06-07,31℃,19℃,多云,南风,3-4级,75,良,2
2018-06-08,26℃,18℃,多云~阴,东北风,3-4级,60,良,2
2018-06-09,21℃,16℃,多云~阵雨,东风,3-4级,69,良,2
2018-06-10,21℃,15℃,雷阵雨~阵雨,东南风,3-4级,58,良,2
2018-06-11,21℃,15℃,阴~多云,东北风,3-4级,36,优,1
2018-06-12,27℃,20℃,晴~阴,南风,3-4级,51,良,2
2018-06-13,27℃,19℃,雷阵雨~中雨,东南风,3-4级,45,优,1
2018-06-14,24℃,18℃,雷阵雨~多云,南风,4-5级,45,优,1
2018-06-15,24℃,19℃,多云,北风,3-4级,43,优,1
2018-06-16,26℃,19℃,晴,南风,4-5级,41,优,1
2018-06-17,25℃,17℃,多云,南风,3-4级,42,优,1
2018-06-18,27℃,19℃,多云~阴,南风,4-5级,43,优,1
2018-06-19,27℃,18℃,阵雨~多云,南风,3-4级,45,优,1
2018-06-20,26℃,18℃,晴,北风,3-4级,66,良,2
2018-06-21,28℃,19℃,晴,南风,3-4级,79,良,2
2018-06-22,30℃,24℃,阴~多云,南风,3-4级,99,良,2
2018-06-23,28℃,22℃,晴,南风,3-4级,78,良,2
2018-06-24,32℃,22℃,晴~多云,南风,4-5级,83,良,2
2018-06-25,30℃,22℃,小雨~大到暴雨,南风,4-5级,47,优,1
2018-06-26,25℃,21℃,小雨~多云,北风,5-6级,34,优,1
2018-06-27,31℃,21℃,晴~多云,南风,4-5级,49,优,1
2018-06-28,26℃,20℃,阴~多云,北风,3-4级,66,良,2
2018-06-29,29℃,20℃,多云,南风,3-4级,53,良,2
2018-06-30,28℃,22℃,多云~阴,东南风,4-5级,52,良,2
2018-07-01,25℃,20℃,阵雨~多云,东北风,4-5级,34,优,1
2018-07-02,26℃,22℃,多云~阴,东风,4-5级,36,优,1
2018-07-03,25℃,22℃,阵雨~阴,东风,3-4级,30,优,1
2018-07-04,26℃,22℃,多云,北风,3-4级,41,优,1
2018-07-05,27℃,23℃,晴~多云,东北风,3-4级,54,良,2
2018-07-06,27℃,22℃,多云,东风,4-5级,41,优,1
2018-07-07,27℃,20℃,多云~阴,东南风,4-5级,31,优,1
2018-07-08,27℃,21℃,多云~小雨,东南风,3-4级,29,优,1
2018-07-09,24℃,21℃,小雨,东北风,5-6级,22,优,1
2018-07-10,25℃,20℃,阵雨,东北风,4-5级,18,优,1
2018-07-11,28℃,24℃,多云~晴,南风,4-5级,25,优,1
2018-07-12,31℃,25℃,多云,南风,5-6级,22,优,1
2018-07-13,32℃,25℃,多云,南风,5-6级,33,优,1
2018-07-14,33℃,24℃,晴~多云,南风,4-5级,46,优,1
2018-07-15,33℃,25℃,晴,南风,4-5级,44,优,1
2018-07-16,33℃,24℃,晴,南风,4-5级,30,优,1
2018-07-17,31℃,24℃,晴~多云,南风,5-6级,29,优,1
2018-07-18,32℃,24℃,晴,南风,4-5级,26,优,1
2018-07-19,32℃,25℃,晴,南风,4-5级,26,优,1
2018-07-20,32℃,24℃,晴,南风,5-6级,31,优,1
2018-07-21,33℃,24℃,晴~多云,南风,4-5级,55,良,2
2018-07-22,32℃,26℃,多云~阴,东南风,4-5级,57,良,2
2018-07-23,28℃,25℃,阵雨,东南风,4-5级,43,优,1
2018-07-24,30℃,26℃,多云,东南风,5-6级,25,优,1
2018-07-25,34℃,26℃,雷阵雨~多云,南风,3-4级,47,优,1
2018-07-26,32℃,26℃,雷阵雨,北风,3-4级,75,良,2
2018-07-27,30℃,26℃,雷阵雨~阴,北风,3-4级,66,良,2
2018-07-28,31℃,25℃,多云,东北风,3-4级,69,良,2
2018-07-29,30℃,25℃,多云,东北风,3-4级,64,良,2
2018-07-30,29℃,26℃,晴~多云,东北风,3-4级,48,优,1
2018-07-31,31℃,24℃,晴,东南风,3-4级,37,优,1
2018-08-01,32℃,26℃,晴~多云,北风,3-4级,50,优,1
2018-08-02,34℃,25℃,晴~多云,北风,3-4级,77,良,2
2018-08-03,34℃,27℃,晴~多云,南风,3-4级,46,优,1
